x,y,yaw,curvature
0.805000,3.165000,1.723575,7.791856
0.803665,3.177848,1.626247,7.233188
0.803535,3.190820,1.537053,6.492457
0.804513,3.203914,1.457168,5.667119
0.806506,3.217128,1.387026,4.834941
0.809416,3.230460,1.326510,4.046349
0.813149,3.243907,1.275161,3.327132
0.817609,3.257467,1.232354,2.685300
0.822702,3.271137,1.197417,2.117957
0.828332,3.284916,1.169710,1.616492
0.834402,3.298802,1.148668,1.169920
0.840819,3.312791,1.133821,0.766769
0.847487,3.326881,1.124799,0.396004
0.854309,3.341071,1.121335,0.047396
0.861192,3.355358,1.123259,0.288410
0.868039,3.369739,1.130495,0.619942
0.874756,3.384213,1.143051,0.954965
0.881246,3.398777,1.161013,1.300468
0.887415,3.413429,1.184539,1.662516
0.893167,3.428167,1.213840,2.045886
0.898407,3.442987,1.249169,2.453419
0.903039,3.457889,1.290792,2.885014
0.906971,3.472869,1.337922,3.082087
0.910166,3.487917,1.385059,3.043535
0.912643,3.503016,1.431268,2.994606
0.914419,3.518148,1.476470,2.937245
0.915514,3.533295,1.520603,2.873414
0.915948,3.548440,1.563629,2.805011
0.915738,3.563565,1.605526,2.733815
0.914904,3.578652,1.646292,2.661447
0.913465,3.593685,1.685939,2.589349
0.911441,3.608644,1.724494,2.518774
0.908850,3.623513,1.761995,2.450791
0.905711,3.638273,1.798490,2.386300
0.902044,3.652908,1.834034,2.326049
0.897867,3.667399,1.868691,2.270653
0.893199,3.681729,1.902530,2.220624
0.888060,3.695880,1.935623,2.176386
0.882469,3.709835,1.968048,2.138303
0.876444,3.723576,1.999886,2.106700
0.870006,3.737084,2.031219,2.081880
0.863172,3.750344,2.062135,2.064145
0.855961,3.763336,2.092721,2.053813
0.848394,3.776047,2.122742,1.997390
0.840485,3.788481,2.151662,1.926051
0.832250,3.800652,2.179400,1.847916
0.823705,3.812572,2.205894,1.764157
0.814866,3.824254,2.231097,1.675896
0.805746,3.835709,2.254968,1.584184
0.796363,3.846950,2.277478,1.489971
0.786731,3.857991,2.298608,1.394096
0.776866,3.868843,2.318345,1.297282
0.766783,3.879519,2.336682,1.200132
0.756498,3.890032,2.353619,1.103130
0.746025,3.900393,2.369158,1.006655
0.735382,3.910616,2.383308,0.910982
0.724582,3.920713,2.396075,0.816299
0.713642,3.930697,2.407470,0.722711
0.702576,3.940580,2.417505,0.630257
0.691400,3.950374,2.426191,0.538916
0.680131,3.960092,2.433537,0.448617
0.668782,3.969747,2.439555,0.359249
0.657370,3.979352,2.444252,0.270671
0.645909,3.988918,2.447635,0.182715
0.634416,3.998458,2.449710,0.095194
0.622906,4.007984,2.450480,0.007911
0.611394,4.017510,2.449947,0.079337
0.599895,4.027048,2.448109,0.166754
0.588426,4.036610,2.444964,0.254540
0.577001,4.046209,2.440508,0.342882
0.565636,4.055857,2.434733,0.431951
0.554346,4.065567,2.427635,0.515635
0.543143,4.075348,2.420096,0.498250
0.532026,4.085199,2.412826,0.480591
0.520993,4.095119,2.405828,0.462682
0.510040,4.105103,2.399104,0.444542
0.499162,4.115150,2.392657,0.426193
0.488359,4.125256,2.386489,0.407653
0.477625,4.135419,2.380602,0.388939
0.466958,4.145635,2.374996,0.370069
0.456354,4.155903,2.369674,0.351057
0.445810,4.166218,2.364636,0.331917
0.435323,4.176579,2.359885,0.312663
0.424890,4.186983,2.355421,0.293306
0.414507,4.197426,2.351245,0.273857
0.404171,4.207906,2.347357,0.254326
0.393878,4.218420,2.343759,0.234722
0.383626,4.228966,2.340452,0.215053
0.373411,4.239540,2.337435,0.195325
0.363230,4.250140,2.334709,0.175545
0.353080,4.260762,2.332276,0.155720
0.342956,4.271405,2.330134,0.135852
0.332857,4.282065,2.328286,0.115948
0.322779,4.292740,2.326730,0.096011
0.312718,4.303426,2.325467,0.076044
0.302671,4.314121,2.324498,0.056050
0.292635,4.324822,2.323822,0.036033
0.282606,4.335526,2.323441,0.015994
0.272582,4.346231,2.323353,0.004064
0.262559,4.356933,2.323560,0.024138
0.252534,4.367631,2.324057,0.042213
0.242503,4.378320,2.324763,0.054123
0.232465,4.389001,2.325644,0.066030
0.222417,4.399672,2.326699,0.077927
0.212357,4.410331,2.327928,0.089810
0.202282,4.420977,2.329332,0.101674
0.192190,4.431609,2.330909,0.113515
0.182080,4.442226,2.332660,0.125326
0.171948,4.452827,2.334584,0.137102
0.161792,4.463409,2.336681,0.148839
0.151610,4.473972,2.338950,0.160529
0.141400,4.484515,2.341392,0.172168
0.131160,4.495036,2.344005,0.183750
0.120887,4.505534,2.346788,0.195268
0.110578,4.516008,2.349742,0.206716
0.100232,4.526455,2.352865,0.218088
0.089847,4.536876,2.356157,0.229377
0.079419,4.547269,2.359617,0.240575
0.068947,4.557632,2.363243,0.251677
0.058428,4.567965,2.367035,0.262674
0.047861,4.578265,2.370992,0.273560
0.037242,4.588532,2.375112,0.284326
0.026570,4.598765,2.379395,0.294966
0.015841,4.608961,2.383838,0.305470
0.005055,4.619120,2.388442,0.315831
-0.005792,4.629241,2.393203,0.326041
-0.016701,4.639322,2.398121,0.336091
-0.027676,4.649361,2.403194,0.345973
-0.038717,4.659359,2.408419,0.355678
-0.049829,4.669312,2.413851,0.381876
-0.061012,4.679216,2.419914,0.430000
-0.072270,4.689057,2.426706,0.478538
-0.083606,4.698823,2.434233,0.527625
-0.095022,4.708503,2.442502,0.577389
-0.106520,4.718083,2.451520,0.627947
-0.118104,4.727552,2.461299,0.679404
-0.129776,4.736896,2.471848,0.731853
-0.141539,4.746104,2.483179,0.785373
-0.153396,4.755163,2.495304,0.840026
-0.165349,4.764060,2.508236,0.895854
-0.177400,4.772784,2.521986,0.952881
-0.189554,4.781321,2.536570,1.011102
-0.201811,4.789660,2.551998,1.070487
-0.214175,4.797788,2.568284,1.130975
-0.226650,4.805692,2.585439,1.192467
-0.239236,4.813361,2.603472,1.254824
-0.251937,4.820781,2.622394,1.317866
-0.264756,4.827941,2.642210,1.381364
-0.277696,4.834828,2.662925,1.445036
-0.290758,4.841429,2.684540,1.508550
-0.303946,4.847733,2.707052,1.571515
-0.317263,4.853726,2.730456,1.633488
-0.330710,4.859397,2.754740,1.693970
-0.344292,4.864733,2.779888,1.752413
-0.358008,4.869725,2.805059,1.689958
-0.371854,4.874380,2.829233,1.619636
-0.385822,4.878711,2.852399,1.548524
-0.399903,4.882730,2.874553,1.477125
-0.414091,4.886450,2.895697,1.405873
-0.428378,4.889882,2.915833,1.335125
-0.442757,4.893038,2.934971,1.265171
-0.457218,4.895932,2.953121,1.196238
-0.471756,4.898574,2.970295,1.128495
-0.486363,4.900978,2.986506,1.062056
-0.501029,4.903155,3.001770,0.996990
-0.515750,4.905118,3.016101,0.933323
-0.530515,4.906879,3.029515,0.871047
-0.545319,4.908451,3.042027,0.810120
-0.560152,4.909844,3.053651,0.750474
-0.575009,4.911073,3.064401,0.692016
-0.589880,4.912148,3.074290,0.634633
-0.604759,4.913082,3.083330,0.578193
-0.619637,4.913888,3.091529,0.522547
-0.634508,4.914577,3.098898,0.467533
-0.649363,4.915162,3.105462,0.421766
-0.664198,4.915652,3.111539,0.396994
-0.679014,4.916055,3.117237,0.371841
-0.693811,4.916376,3.122553,0.346341
-0.708592,4.916620,3.127482,0.320525
-0.723358,4.916795,3.132023,0.294426
-0.738109,4.916905,3.136172,0.268073
-0.752848,4.916956,3.139928,0.241493
-0.767574,4.916956,-3.139898,0.214713
-0.782290,4.916909,-3.136937,0.187759
-0.796997,4.916821,-3.134374,0.160655
-0.811696,4.916698,-3.132213,0.133424
-0.826388,4.916547,-3.130453,0.106087
-0.841075,4.916373,-3.129096,0.078667
-0.855757,4.916182,-3.128143,0.051183
-0.870437,4.915980,-3.127593,0.023656
-0.885114,4.915773,-3.127448,0.003894
-0.899791,4.915567,-3.127708,0.031447
-0.914469,4.915367,-3.128371,0.058983
-0.929150,4.915181,-3.129439,0.086483
-0.943833,4.915012,-3.130911,0.113926
-0.958521,4.914868,-3.132573,0.109857
-0.973213,4.914747,-3.134137,0.103083
-0.987909,4.914648,-3.135602,0.096320
-1.002610,4.914570,-3.136969,0.089569
-1.017316,4.914512,-3.138236,0.082830
-1.032025,4.914471,-3.139405,0.076102
-1.046738,4.914447,-3.140475,0.069386
-1.061455,4.914438,-3.141447,0.062679
-1.076176,4.914442,3.140865,0.055983
-1.090900,4.914459,3.140090,0.049297
-1.105628,4.914486,3.139413,0.042621
-1.120360,4.914522,3.138834,0.035953
-1.135094,4.914567,3.138353,0.029294
-1.149832,4.914617,3.137971,0.022643
-1.164573,4.914673,3.137686,0.016000
-1.179317,4.914732,3.137499,0.009364
-1.194063,4.914793,3.137410,0.002735
-1.208813,4.914855,3.137418,0.003889
-1.223565,4.914916,3.137524,0.010506
-1.238319,4.914975,3.137728,0.017119
-1.253076,4.915030,3.138016,0.020486
-1.267834,4.915080,3.138324,0.021176
-1.282594,4.915126,3.138642,0.021869
-1.297354,4.915167,3.138970,0.022567
-1.312113,4.915203,3.139308,0.023271
-1.326872,4.915235,3.139656,0.023979
-1.341628,4.915260,3.140016,0.024693
-1.356381,4.915281,3.140385,0.025414
-1.371130,4.915296,3.140765,0.026140
-1.385875,4.915305,3.141156,0.026874
-1.400615,4.915309,3.141558,0.027614
-1.415349,4.915306,-3.141215,0.028362
-1.430075,4.915298,-3.140792,0.029118
-1.444794,4.915283,-3.140358,0.029882
-1.459505,4.915261,-3.139913,0.030655
-1.474206,4.915233,-3.139456,0.031436
-1.488898,4.915198,-3.138988,0.032228
-1.503578,4.915157,-3.138509,0.033029
-1.518247,4.915108,-3.138019,0.033840
-1.532903,4.915052,-3.137517,0.034662
-1.547546,4.914988,-3.137041,0.006079
-1.562175,4.914927,-3.138185,0.162659
-1.576791,4.914901,3.141385,0.332160
-1.591394,4.914945,3.135293,0.502345
-1.605985,4.915097,3.126718,0.673041
-1.620563,4.915391,3.115659,0.843938
-1.635129,4.915865,3.102115,1.014532
-1.649684,4.916553,3.086095,1.184089
-1.664229,4.917493,3.067613,1.351600
-1.678762,4.918721,3.046697,1.515749
-1.693286,4.920271,3.023387,1.674899
-1.707800,4.922181,2.997743,1.827095
-1.722305,4.924487,2.969844,1.970096
-1.736801,4.927224,2.939794,2.101437
-1.751289,4.930428,2.907723,2.218533
-1.765768,4.934136,2.873788,2.318806
-1.780241,4.938384,2.838174,2.399855
-1.794706,4.943208,2.801094,2.459633
-1.809164,4.948644,2.762783,2.496617
-1.823616,4.954728,2.723496,2.509968
-1.838062,4.961495,2.683504,2.499629
-1.852502,4.968978,2.644433,2.156232
-1.866920,4.977107,2.613529,1.593478
-1.881284,4.985717,2.591053,1.100730
-1.895561,4.994639,2.576358,0.649686
-1.909721,5.003704,2.569101,0.213516
-1.923731,5.012744,2.569237,0.235190
-1.937559,5.021591,2.577040,0.727210
-1.951173,5.030074,2.593144,1.300370
-1.964541,5.038026,2.618606,2.004466
-1.977631,5.045278,2.655014,2.907672
-1.990411,5.051661,2.704611,4.103727
-2.002849,5.057006,2.770438,5.715795
-2.014912,5.061144,2.856384,7.883118
-2.026570,5.063908,2.966915,10.695210
-2.037789,5.065127,3.106005,14.015416
-2.048539,5.064636,-3.009970,16.388653
-2.058806,5.062365,-2.838648,15.919573
-2.068604,5.058398,-2.678229,14.251333
-2.077952,5.052834,-2.535178,11.994572
-2.086867,5.045768,-2.411940,9.707259
-2.095366,5.037298,-2.307932,7.699542
-2.103467,5.027522,-2.221009,6.066809
-2.111187,5.016536,-2.148554,4.789101
-2.118544,5.004437,-2.088063,3.805268
-2.125556,4.991323,-2.037376,3.050008
-2.132239,4.977291,-1.994719,2.467453
-2.138612,4.962438,-1.958674,2.013857
-2.144691,4.946861,-1.928118,1.656272
-2.150495,4.930657,-1.902171,1.370256
-2.156041,4.913924,-1.880139,1.137700
-2.161345,4.896758,-1.861485,0.945084
-2.166427,4.879257,-1.845788,0.782157
-2.171303,4.861517,-1.832726,0.640955
-2.175991,4.843637,-1.822062,0.515069
-2.180508,4.825713,-1.813624,0.399081
-2.184872,4.807842,-1.807306,0.288097
-2.189100,4.790122,-1.803061,0.177311
-2.193210,4.772649,-1.800903,0.061550
-2.197219,4.755518,-1.800721,0.025765
-2.201147,4.738766,-1.801704,0.089962
-2.205015,4.722382,-1.803805,0.161045
-2.208845,4.706354,-1.807091,0.239165
-2.212658,4.690668,-1.811628,0.324375
-2.216475,4.675311,-1.817479,0.416602
-2.220318,4.660272,-1.824703,0.515622
-2.224208,4.645537,-1.833354,0.621031
-2.228166,4.631093,-1.843478,0.732217
-2.232214,4.616928,-1.855113,0.848331
-2.236373,4.603029,-1.868284,0.968263
-2.240664,4.589384,-1.883006,1.090634
-2.245110,4.575979,-1.899278,1.213785
-2.249730,4.562801,-1.917080,1.335796
-2.254547,4.549839,-1.936377,1.454516
-2.259582,4.537078,-1.957113,1.567621
-2.264856,4.524508,-1.979210,1.672690
-2.270391,4.512113,-2.002570,1.767309
-2.276208,4.499883,-2.027075,1.849186
-2.282328,4.487804,-2.052588,1.916276
-2.288772,4.475864,-2.078953,1.966909
-2.295563,4.464049,-2.105995,1.985280
-2.302712,4.452347,-2.132154,1.830539
-2.310205,4.440750,-2.156377,1.678953
-2.318022,4.429248,-2.178694,1.531488
-2.326142,4.417833,-2.199143,1.388794
-2.334546,4.406494,-2.217766,1.251253
-2.343213,4.395223,-2.234608,1.119031
-2.352123,4.384012,-2.249718,0.992119
-2.361256,4.372851,-2.263141,0.870371
-2.370592,4.361730,-2.274924,0.753539
-2.380110,4.350642,-2.285109,0.641300
-2.389791,4.339577,-2.293738,0.533277
-2.399614,4.328525,-2.300847,0.429062
-2.409559,4.317479,-2.306471,0.328223
-2.419606,4.306429,-2.310638,0.230321
-2.429735,4.295365,-2.313374,0.134916
-2.439926,4.284279,-2.314700,0.041575
-2.450158,4.273163,-2.314633,0.050126
-2.460412,4.262006,-2.313187,0.140593
-2.470666,4.250799,-2.310369,0.230214
-2.480902,4.239535,-2.306186,0.319353
-2.491099,4.228204,-2.300640,0.408347
-2.501236,4.216796,-2.293728,0.497504
-2.511294,4.205303,-2.285446,0.587093
-2.521252,4.193715,-2.275787,0.677344
-2.531091,4.182025,-2.264743,0.768438
-2.540790,4.170222,-2.252302,0.860501
-2.550329,4.158297,-2.238588,0.921889
-2.559692,4.146249,-2.224232,0.960065
-2.568868,4.134079,-2.209297,1.000081
-2.577844,4.121789,-2.193760,1.042002
-2.586608,4.109380,-2.177599,1.085887
-2.595148,4.096855,-2.160792,1.131782
-2.603453,4.084216,-2.143316,1.179720
-2.611510,4.071465,-2.125148,1.229720
-2.619306,4.058603,-2.106263,1.281777
-2.626831,4.045634,-2.086641,1.335863
-2.634072,4.032558,-2.066257,1.391921
-2.641017,4.019378,-2.045091,1.449858
-2.647653,4.006096,-2.023123,1.509542
-2.653970,3.992713,-2.000332,1.570796
-2.659955,3.979233,-1.976704,1.633390
-2.665595,3.965656,-1.952223,1.697036
-2.670879,3.951985,-1.926879,1.761387
-2.675795,3.938222,-1.900664,1.826025
-2.680330,3.924369,-1.873576,1.890466
-2.684474,3.910427,-1.845615,1.954154
-2.688213,3.896400,-1.816791,2.016466
-2.691535,3.882288,-1.787116,2.076712
-2.694429,3.868094,-1.756612,2.134148
-2.696886,3.853820,-1.726151,2.038685
-2.698922,3.839470,-1.697622,1.897406
-2.700564,3.825049,-1.671125,1.753489
-2.701841,3.810562,-1.646677,1.608563
-2.702781,3.796014,-1.624282,1.463923
-2.703411,3.781410,-1.603932,1.320543
-2.703760,3.766754,-1.585613,1.179108
-2.703856,3.752051,-1.569302,1.040048
-2.703726,3.737307,-1.554977,0.903575
-2.703398,3.722527,-1.542611,0.769718
-2.702900,3.707714,-1.532180,0.638357
-2.702261,3.692875,-1.523660,0.509256
-2.701509,3.678013,-1.517030,0.382086
-2.700670,3.663135,-1.512275,0.256448
-2.699774,3.648244,-1.509379,0.131898
-2.698847,3.633346,-1.508336,0.007959
-2.697919,3.618445,-1.509141,0.115861
-2.697017,3.603547,-1.511796,0.240053
-2.696169,3.588657,-1.516308,0.365094
-2.695403,3.573778,-1.522686,0.491430
-2.694746,3.558917,-1.530737,0.550886
-2.694210,3.544075,-1.538628,0.511569
-2.693788,3.529252,-1.545919,0.471682
-2.693470,3.514446,-1.552606,0.431290
-2.693247,3.499657,-1.558683,0.390454
-2.693109,3.484884,-1.564148,0.349228
-2.693047,3.470125,-1.568996,0.307658
-2.693053,3.455380,-1.573224,0.265789
-2.693116,3.440647,-1.576830,0.223658
-2.693227,3.425926,-1.579811,0.181299
-2.693378,3.411216,-1.582165,0.138744
-2.693559,3.396515,-1.583891,0.096018
-2.693760,3.381823,-1.584987,0.053148
-2.693972,3.367138,-1.585452,0.010158
-2.694187,3.352459,-1.585285,0.032930
-2.694395,3.337787,-1.584485,0.076092
-2.694586,3.323118,-1.583052,0.119304
-2.694751,3.308453,-1.580986,0.162542
-2.694881,3.293791,-1.578285,0.205777
-2.694968,3.279130,-1.574952,0.248980
-2.695000,3.264469,-1.570986,0.289020
-2.694973,3.249808,-1.567060,0.246510
-2.694894,3.235146,-1.563757,0.203958
-2.694770,3.220481,-1.561078,0.161394
-2.694612,3.205813,-1.559023,0.118844
-2.694428,3.191141,-1.557591,0.076330
-2.694227,3.176464,-1.556783,0.033874
-2.694019,3.161782,-1.556597,0.008506
-2.693813,3.147093,-1.557032,0.050789
-2.693618,3.132397,-1.558089,0.092959
-2.693442,3.117692,-1.559765,0.134994
-2.693296,3.102978,-1.562060,0.176875
-2.693188,3.088255,-1.564971,0.218578
-2.693128,3.073520,-1.568498,0.260077
-2.693124,3.058774,-1.572638,0.301343
-2.693185,3.044015,-1.577388,0.342343
-2.693321,3.029243,-1.582747,0.383039
-2.693541,3.014457,-1.588710,0.423388
-2.693854,2.999656,-1.595274,0.463341
-2.694270,2.984839,-1.602436,0.502844
-2.694796,2.970004,-1.610190,0.541837
-2.695441,2.955153,-1.617999,0.472421
-2.696191,2.940287,-1.624112,0.349267
-2.697019,2.925410,-1.628406,0.227236
-2.697898,2.910527,-1.630889,0.105929
-2.698801,2.895642,-1.631566,0.015080
-2.699700,2.880760,-1.630439,0.136232
-2.700569,2.865885,-1.627503,0.257967
-2.701380,2.851021,-1.622751,0.380708
-2.702105,2.836174,-1.616171,0.504849
-2.702718,2.821347,-1.607748,0.630736
-2.703191,2.806545,-1.597463,0.758650
-2.703498,2.791772,-1.585295,0.888781
-2.703610,2.777033,-1.571222,1.021211
-2.703501,2.762331,-1.555221,1.155879
-2.703144,2.747673,-1.537273,1.292554
-2.702511,2.733061,-1.517360,1.430805
-2.701574,2.718501,-1.495469,1.569966
-2.700308,2.703997,-1.471598,1.709107
-2.698684,2.689553,-1.445750,1.847014
-2.696675,2.675173,-1.417947,1.982169
-2.694255,2.660863,-1.388398,2.029743
-2.691417,2.646622,-1.360087,1.868894
-2.688189,2.632447,-1.334102,1.705417
-2.684603,2.618330,-1.310459,1.541119
-2.680693,2.604266,-1.289159,1.377383
-2.676490,2.590249,-1.270193,1.215195
-2.672027,2.576274,-1.253542,1.055192
-2.667336,2.562334,-1.239183,0.897710
-2.662449,2.548423,-1.227093,0.742836
-2.657398,2.534536,-1.217245,0.590454
-2.652217,2.520668,-1.209618,0.440294
-2.646936,2.506811,-1.204191,0.291964
-2.641590,2.492960,-1.200949,0.144992
-2.636209,2.479110,-1.199881,0.001147
-2.630826,2.465254,-1.200982,0.147001
-2.625473,2.451387,-1.204252,0.293116
-2.620184,2.437502,-1.209697,0.440006
-2.614989,2.423595,-1.217327,0.588131
-2.609922,2.409658,-1.227157,0.737861
-2.605014,2.395687,-1.239203,0.889448
-2.600298,2.381675,-1.253485,1.042989
-2.595807,2.367617,-1.270022,1.198383
-2.591568,2.353507,-1.287839,1.189201
-2.587583,2.339344,-1.304979,1.140513
-2.583839,2.325132,-1.321373,1.090181
-2.580326,2.310871,-1.337007,1.038489
-2.577031,2.296563,-1.351869,0.985698
-2.573945,2.282209,-1.365948,0.932048
-2.571054,2.267812,-1.379236,0.877754
-2.568348,2.253373,-1.391729,0.823008
-2.565816,2.238894,-1.403422,0.767978
-2.563445,2.224377,-1.414313,0.712808
-2.561225,2.209822,-1.424401,0.657621
-2.559144,2.195233,-1.433687,0.602518
-2.557191,2.180610,-1.442170,0.547580
-2.555354,2.165955,-1.449853,0.492871
-2.553621,2.151271,-1.456738,0.438438
-2.551982,2.136558,-1.462828,0.384313
-2.550425,2.121818,-1.468125,0.330517
-2.548938,2.107053,-1.472632,0.277059
-2.547511,2.092265,-1.476353,0.223939
-2.546131,2.077456,-1.479291,0.171149
-2.544787,2.062627,-1.481441,0.112777
-2.543466,2.047781,-1.482459,0.023861
-2.542150,2.032924,-1.482154,0.064728
-2.540819,2.018065,-1.480528,0.153275
-2.539453,2.003209,-1.477579,0.242059
-2.538035,1.988364,-1.473305,0.331349
-2.536545,1.973537,-1.467697,0.421395
-2.534963,1.958735,-1.460748,0.512428
-2.533271,1.943966,-1.452446,0.604648
-2.531449,1.929235,-1.442779,0.698221
-2.529478,1.914550,-1.431732,0.793265
-2.527339,1.899919,-1.419290,0.889844
-2.525012,1.885348,-1.405438,0.987959
-2.522480,1.870844,-1.390161,1.087530
-2.519722,1.856415,-1.373445,1.188387
-2.516719,1.842067,-1.355279,1.290256
-2.513452,1.827807,-1.335654,1.392748
-2.509902,1.813643,-1.314568,1.495340
-2.506050,1.799581,-1.292021,1.597375
-2.501877,1.785630,-1.268024,1.698046
-2.497363,1.771794,-1.242592,1.796401
-2.492491,1.758082,-1.216203,1.769502
-2.487265,1.744492,-1.191521,1.620431
-2.481713,1.731013,-1.168995,1.469907
-2.475864,1.717635,-1.148634,1.319167
-2.469746,1.704348,-1.130436,1.169135
-2.463390,1.691140,-1.114391,1.020446
-2.456823,1.678002,-1.100484,0.873488
-2.450073,1.664923,-1.088699,0.728431
-2.443171,1.651892,-1.079015,0.585275
-2.436145,1.638900,-1.071417,0.443877
-2.429023,1.625935,-1.065888,0.303989
-2.421834,1.612987,-1.062414,0.165282
-2.414608,1.600045,-1.060987,0.027381
-2.407372,1.587100,-1.061601,0.110119
-2.400156,1.574140,-1.064254,0.247622
-2.392989,1.561155,-1.068948,0.385513
-2.385899,1.548135,-1.075690,0.524129
-2.378915,1.535069,-1.084488,0.663741
-2.372066,1.521946,-1.095353,0.804523
-2.365380,1.508757,-1.108298,0.946525
-2.358887,1.495490,-1.123334,1.089641
-2.352615,1.482136,-1.140472,1.233580
-2.346593,1.468683,-1.159717,1.377829
-2.340847,1.455123,-1.180035,1.328347
-2.335368,1.441458,-1.198684,1.204824
-2.330134,1.427699,-1.215504,1.080185
-2.325117,1.413855,-1.230488,0.955035
-2.320294,1.399937,-1.243634,0.829816
-2.315639,1.385954,-1.254942,0.704828
-2.311128,1.371916,-1.264415,0.580239
-2.306734,1.357834,-1.272058,0.456114
-2.302434,1.343717,-1.277876,0.332429
-2.298202,1.329575,-1.281873,0.209093
-2.294013,1.315418,-1.284051,0.085966
-2.289843,1.301257,-1.284411,0.037124
-2.285665,1.287100,-1.282954,0.160358
-2.281455,1.272959,-1.279677,0.283917
-2.277189,1.258843,-1.274576,0.407955
-2.272840,1.244761,-1.267647,0.532587
-2.268384,1.230724,-1.258882,0.657868
-2.263796,1.216743,-1.248275,0.783770
-2.259051,1.202825,-1.235822,0.910170
-2.254124,1.188983,-1.221519,1.036818
-2.248990,1.175226,-1.205364,1.163326
-2.243623,1.161563,-1.187467,1.232728
-2.238013,1.147999,-1.170097,1.133800
-2.232178,1.134526,-1.154182,1.034124
-2.226135,1.121138,-1.139727,0.934126
-2.219906,1.107826,-1.126732,0.834135
-2.213509,1.094582,-1.115197,0.734388
-2.206964,1.081398,-1.105119,0.635042
-2.200291,1.068265,-1.096494,0.536184
-2.193510,1.055176,-1.089315,0.437839
-2.186640,1.042123,-1.083579,0.339982
-2.179701,1.029098,-1.079281,0.242550
-2.172713,1.016093,-1.076418,0.145447
-2.165695,1.003099,-1.074985,0.048557
-2.158667,0.990109,-1.074983,0.048252
-2.151648,0.977114,-1.076411,0.145111
-2.144659,0.964107,-1.079270,0.242151
-2.137719,0.951079,-1.083562,0.339489
-2.130847,0.938023,-1.089291,0.437219
-2.124063,0.924930,-1.096462,0.535407
-2.117388,0.911793,-1.105078,0.634075
-2.110839,0.898603,-1.115144,0.733198
-2.104438,0.885353,-1.126666,0.832691
-2.098204,0.872033,-1.139644,0.932397
-2.092156,0.858637,-1.153841,0.962992
-2.086299,0.845162,-1.167648,0.916424
-2.080626,0.831612,-1.180765,0.869280
-2.075126,0.817991,-1.193186,0.821709
-2.069790,0.804302,-1.204907,0.773840
-2.064608,0.790549,-1.215927,0.725787
-2.059572,0.776737,-1.226244,0.677645
-2.054671,0.762869,-1.235857,0.629495
-2.049896,0.748948,-1.244767,0.581401
-2.045238,0.734980,-1.252974,0.533413
-2.040688,0.720967,-1.260480,0.485569
-2.036235,0.706914,-1.267287,0.437894
-2.031870,0.692825,-1.273395,0.390403
-2.027584,0.678702,-1.278808,0.343100
-2.023368,0.664551,-1.283526,0.295983
-2.019212,0.650376,-1.287551,0.249041
-2.015106,0.636179,-1.290886,0.202257
-2.011042,0.621965,-1.293531,0.155608
-2.007009,0.607738,-1.295488,0.109070
-2.002998,0.593501,-1.296757,0.062611
-1.998999,0.579259,-1.297340,0.016201
-1.995004,0.565016,-1.297237,0.030194
-1.991003,0.550774,-1.296509,0.068162
-1.986989,0.536538,-1.295220,0.106159
-1.982952,0.522311,-1.293369,0.144217
-1.978886,0.508096,-1.290955,0.182357
-1.974783,0.493896,-1.287977,0.220599
-1.970635,0.479714,-1.284434,0.258958
-1.966435,0.465555,-1.280325,0.297449
-1.962174,0.451420,-1.275649,0.336081
-1.957846,0.437313,-1.270404,0.374861
-1.953442,0.423238,-1.264589,0.413789
-1.948954,0.409198,-1.258201,0.452862
-1.944376,0.395195,-1.251241,0.492068
-1.939698,0.381234,-1.243707,0.531390
-1.934914,0.367317,-1.235597,0.570803
-1.930016,0.353448,-1.226911,0.610276
-1.924996,0.339629,-1.217648,0.649766
-1.919846,0.325865,-1.207809,0.689224
-1.914559,0.312158,-1.197394,0.728589
-1.909127,0.298512,-1.186405,0.767790
-1.903542,0.284930,-1.174843,0.806746
-1.897796,0.271415,-1.162711,0.845365
-1.891883,0.257970,-1.150241,0.824205
-1.885806,0.244593,-1.138685,0.748814
-1.879579,0.231279,-1.128234,0.673403
-1.873219,0.218020,-1.118885,0.598092
-1.866738,0.204812,-1.110638,0.522965
-1.860153,0.191647,-1.103492,0.448072
-1.853477,0.178519,-1.097443,0.373435
-1.846727,0.165422,-1.092489,0.299050
-1.839916,0.152350,-1.088628,0.224897
-1.833059,0.139297,-1.085857,0.150936
-1.826172,0.126255,-1.084176,0.077118
-1.819269,0.113219,-1.083582,0.003385
-1.812365,0.100183,-1.084076,0.070325
-1.805475,0.087140,-1.085657,0.144074
-1.798613,0.074085,-1.088326,0.217919
-1.791794,0.061009,-1.092085,0.291911
-1.785034,0.047909,-1.096935,0.366091
-1.778347,0.034776,-1.102878,0.440480
-1.771748,0.021606,-1.109916,0.515084
-1.765252,0.008391,-1.118051,0.589883
-1.758873,-0.004875,-1.127286,0.664830
-1.752626,-0.018197,-1.137620,0.739845
-1.746527,-0.031583,-1.149054,0.814812
-1.740588,-0.045037,-1.161158,0.811130
-1.734811,-0.058561,-1.172861,0.780402
-1.729189,-0.072150,-1.184110,0.749469
-1.723716,-0.085802,-1.194905,0.718391
-1.718387,-0.099514,-1.205244,0.687222
-1.713195,-0.113282,-1.215127,0.656010
-1.708135,-0.127105,-1.224553,0.624795
-1.703201,-0.140978,-1.233524,0.593612
-1.698386,-0.154899,-1.242038,0.562490
-1.693685,-0.168865,-1.250098,0.531452
-1.689092,-0.182873,-1.257705,0.500515
-1.684601,-0.196919,-1.264858,0.469694
-1.680205,-0.211001,-1.271561,0.438996
-1.675900,-0.225116,-1.277813,0.408425
-1.671678,-0.239261,-1.283617,0.377981
-1.667534,-0.253433,-1.288974,0.347661
-1.663463,-0.267628,-1.293885,0.317457
-1.659457,-0.281844,-1.298352,0.287360
-1.655512,-0.296078,-1.302374,0.257357
-1.651621,-0.310327,-1.305955,0.227434
-1.647778,-0.324587,-1.309093,0.197572
-1.643977,-0.338856,-1.311764,0.154477
-1.640209,-0.353130,-1.313461,0.075485
-1.636458,-0.367405,-1.313992,0.003603
-1.632707,-0.381675,-1.313355,0.082809
-1.628940,-0.395936,-1.311548,0.162154
-1.625140,-0.410183,-1.308571,0.241656
-1.621291,-0.424411,-1.304423,0.321320
-1.617376,-0.438615,-1.299101,0.401138
-1.613379,-0.452790,-1.292604,0.481084
-1.609283,-0.466933,-1.284932,0.561103
-1.605071,-0.481036,-1.276084,0.641112
-1.600728,-0.495097,-1.266061,0.720994
-1.596235,-0.509110,-1.254865,0.800590
-1.591578,-0.523070,-1.242500,0.879699
-1.586739,-0.536972,-1.228973,0.958071
-1.581701,-0.550812,-1.214291,1.035406
-1.576449,-0.564585,-1.198467,1.111351
-1.570965,-0.578286,-1.181516,1.185502
-1.565234,-0.591909,-1.163460,1.257403
-1.559238,-0.605451,-1.144321,1.326552
-1.552961,-0.618906,-1.124132,1.392407
-1.546387,-0.632270,-1.102927,1.454393
-1.539504,-0.645539,-1.082040,1.296127
-1.532338,-0.658720,-1.064171,1.087095
-1.524934,-0.671824,-1.049346,0.883773
-1.517337,-0.684862,-1.037513,0.685442
-1.509589,-0.697846,-1.028623,0.491081
-1.501737,-0.710787,-1.022642,0.299452
-1.493823,-0.723697,-1.019549,0.109170
-1.485892,-0.736586,-1.019337,0.081244
-1.477988,-0.749467,-1.022012,0.273320
-1.470156,-0.762351,-1.027600,0.468589
-1.462439,-0.775248,-1.036137,0.668538
-1.454882,-0.788171,-1.047678,0.874549
-1.447529,-0.801130,-1.062287,1.087826
-1.440425,-0.814137,-1.080039,1.309298
-1.433613,-0.827204,-1.101016,1.539491
-1.427138,-0.840341,-1.125302,1.778375
-1.421044,-0.853561,-1.152975,2.025170
-1.415375,-0.866873,-1.184102,2.278138
-1.410176,-0.880291,-1.218726,2.534364
-1.405490,-0.893825,-1.256855,2.789564
-1.401362,-0.907486,-1.298452,3.037973
-1.397837,-0.921286,-1.343417,3.272375
-1.394957,-0.935236,-1.391575,3.475110
-1.392749,-0.949343,-1.438655,3.116588
-1.391165,-0.963598,-1.480738,2.751489
-1.390141,-0.977987,-1.517808,2.389387
-1.389611,-0.992495,-1.549922,2.036528
-1.389511,-1.007111,-1.577182,1.696321
-1.389776,-1.021819,-1.599716,1.369940
-1.390343,-1.036606,-1.617655,1.056912
-1.391145,-1.051459,-1.631120,0.755618
-1.392119,-1.066363,-1.640215,0.463682
-1.393199,-1.081306,-1.645016,0.178276
-1.394322,-1.096273,-1.645574,0.103658
-1.395421,-1.111252,-1.641904,0.385233
-1.396434,-1.126227,-1.633994,0.669459
-1.397294,-1.141186,-1.621802,0.959082
-1.397938,-1.156115,-1.605261,1.256398
-1.398301,-1.171000,-1.584284,1.563006
-1.398318,-1.185828,-1.558775,1.879503
-1.397924,-1.200585,-1.528637,2.205095
-1.397054,-1.215257,-1.493792,2.537148
-1.395645,-1.229831,-1.454198,2.870729
-1.393637,-1.244294,-1.411563,2.838026
-1.391035,-1.258647,-1.371951,2.590791
-1.387891,-1.272898,-1.336007,2.333601
-1.384257,-1.287058,-1.303800,2.072105
-1.380185,-1.301137,-1.275351,1.810527
-1.375727,-1.315144,-1.250645,1.551744
-1.370936,-1.329088,-1.229646,1.297448
-1.365863,-1.342981,-1.212307,1.048353
-1.360560,-1.356830,-1.198576,0.804402
-1.355080,-1.370646,-1.188405,0.564950
-1.349475,-1.384439,-1.181754,0.328940
-1.343796,-1.398218,-1.178597,0.095036
-1.338096,-1.411994,-1.178918,0.138247
-1.332427,-1.425775,-1.182721,0.372440
-1.326841,-1.439571,-1.190021,0.609011
-1.321390,-1.453392,-1.200848,0.849253
-1.316126,-1.467249,-1.215244,1.094159
-1.311101,-1.481149,-1.233258,1.344277
-1.306368,-1.495104,-1.254941,1.599539
-1.301978,-1.509123,-1.280340,1.859065
-1.297984,-1.523215,-1.309488,2.120957
-1.294437,-1.537390,-1.342318,2.321351
-1.291370,-1.551655,-1.375424,2.215351
-1.288766,-1.566003,-1.406919,2.102909
-1.286603,-1.580431,-1.436749,1.985913
-1.284857,-1.594930,-1.464880,1.866042
-1.283505,-1.609497,-1.491292,1.744738
-1.282524,-1.624124,-1.515979,1.623196
-1.281889,-1.638805,-1.538944,1.502368
-1.281579,-1.653536,-1.560198,1.382977
-1.281569,-1.668310,-1.579759,1.265538
-1.281836,-1.683120,-1.597649,1.150378
-1.282357,-1.697962,-1.613893,1.037666
-1.283109,-1.712828,-1.628516,0.927433
-1.284069,-1.727714,-1.641543,0.819594
-1.285212,-1.742614,-1.652998,0.713972
-1.286517,-1.757520,-1.662904,0.610307
-1.287959,-1.772428,-1.671279,0.508279
-1.289515,-1.787332,-1.678139,0.407512
-1.291162,-1.802225,-1.683496,0.307589
-1.292877,-1.817102,-1.687357,0.208056
-1.294636,-1.831957,-1.689724,0.108428
-1.296418,-1.846784,-1.691212,0.112097
-1.298223,-1.861581,-1.693111,0.142713
-1.300055,-1.876349,-1.695464,0.173565
-1.301923,-1.891087,-1.698273,0.204640
-1.303832,-1.905796,-1.701540,0.235921
-1.305789,-1.920474,-1.705266,0.267388
-1.307801,-1.935123,-1.709453,0.299022
-1.309875,-1.949741,-1.714103,0.330798
-1.312018,-1.964330,-1.719215,0.362689
-1.314236,-1.978888,-1.724791,0.394663
-1.316535,-1.993415,-1.730832,0.426687
-1.318923,-2.007912,-1.737336,0.458720
-1.321406,-2.022379,-1.744304,0.490721
-1.323991,-2.036815,-1.751735,0.522641
-1.326684,-2.051220,-1.759627,0.554427
-1.329493,-2.065594,-1.767979,0.586023
-1.332424,-2.079937,-1.776788,0.617364
-1.335483,-2.094249,-1.786051,0.648384
-1.338677,-2.108530,-1.795763,0.679010
-1.342014,-2.122779,-1.805922,0.709165
-1.345499,-2.136997,-1.816512,0.729801
-1.349136,-2.151184,-1.826948,0.695344
-1.352920,-2.165341,-1.836884,0.660861
-1.356843,-2.179469,-1.846322,0.626400
-1.360898,-2.193569,-1.855260,0.592004
-1.365079,-2.207644,-1.863700,0.557707
-1.369378,-2.221694,-1.871643,0.523535
-1.373787,-2.235720,-1.879091,0.489510
-1.378301,-2.249725,-1.886044,0.455646
-1.382913,-2.263708,-1.892505,0.421954
-1.387614,-2.277672,-1.898475,0.388439
-1.392398,-2.291618,-1.903956,0.355099
-1.397257,-2.305548,-1.908949,0.321933
-1.402186,-2.319461,-1.913458,0.288931
-1.407177,-2.333360,-1.917482,0.256084
-1.412222,-2.347247,-1.921024,0.223378
-1.417315,-2.361122,-1.924084,0.190796
-1.422449,-2.374987,-1.926665,0.158321
-1.427616,-2.388842,-1.928766,0.125931
-1.432810,-2.402690,-1.930390,0.093607
-1.438023,-2.416532,-1.931536,0.061323
-1.443249,-2.430369,-1.932204,0.029057
-1.448480,-2.444202,-1.932378,0.006609
-1.453709,-2.458034,-1.932004,0.044015
-1.458928,-2.471866,-1.931077,0.081468
-1.464129,-2.485700,-1.929596,0.118985
-1.469304,-2.499540,-1.927560,0.156581
-1.474445,-2.513386,-1.924969,0.194268
-1.479544,-2.527242,-1.921822,0.232058
-1.484594,-2.541110,-1.918118,0.269958
-1.489586,-2.554991,-1.913855,0.307975
-1.494513,-2.568888,-1.909033,0.346109
-1.499367,-2.582804,-1.903650,0.384357
-1.504139,-2.596740,-1.897706,0.422712
-1.508822,-2.610699,-1.891200,0.461160
-1.513409,-2.624682,-1.884130,0.499683
-1.517890,-2.638693,-1.876496,0.538254
-1.522258,-2.652733,-1.868298,0.576839
-1.526506,-2.666804,-1.859535,0.615399
-1.530625,-2.680909,-1.850210,0.653883
-1.534607,-2.695050,-1.840321,0.692234
-1.538446,-2.709230,-1.829872,0.730384
-1.542131,-2.723450,-1.818864,0.768257
-1.545657,-2.737712,-1.807323,0.789921
-1.549019,-2.752018,-1.796054,0.743779
-1.552226,-2.766365,-1.785459,0.697608
-1.555287,-2.780749,-1.775539,0.651477
-1.558210,-2.795169,-1.766293,0.605440
-1.561007,-2.809621,-1.757719,0.559540
-1.563686,-2.824101,-1.749816,0.513805
-1.566256,-2.838608,-1.742582,0.468251
-1.568727,-2.853139,-1.736015,0.422887
-1.571108,-2.867689,-1.730113,0.377709
-1.573409,-2.882257,-1.724874,0.332708
-1.575639,-2.896839,-1.720297,0.287865
-1.577807,-2.911432,-1.716380,0.243156
-1.579923,-2.926034,-1.713122,0.198552
-1.581995,-2.940641,-1.710521,0.154019
-1.584035,-2.955251,-1.708577,0.109517
-1.586050,-2.969861,-1.707290,0.065006
-1.588051,-2.984467,-1.706660,0.020444
-1.590046,-2.999066,-1.706688,0.024216
-1.592045,-3.013657,-1.707374,0.069017
-1.594058,-3.028235,-1.708721,0.114007
-1.596093,-3.042798,-1.710646,0.138183
-1.598157,-3.057345,-1.712720,0.144125
-1.600249,-3.071879,-1.714880,0.150004
-1.602373,-3.086401,-1.717124,0.155811
-1.604529,-3.100913,-1.719452,0.161539
-1.606718,-3.115417,-1.721863,0.167179
-1.608944,-3.129915,-1.724356,0.172723
-1.611206,-3.144408,-1.726930,0.178164
-1.613507,-3.158899,-1.729583,0.183495
-1.615847,-3.173389,-1.732315,0.188708
-1.618229,-3.187880,-1.735124,0.193796
-1.620654,-3.202374,-1.738008,0.198752
-1.623123,-3.216873,-1.740967,0.203569
-1.625638,-3.231379,-1.743999,0.208242
-1.628201,-3.245893,-1.747101,0.212765
-1.630812,-3.260418,-1.750274,0.217130
-1.633474,-3.274955,-1.753514,0.221334
-1.636188,-3.289507,-1.756820,0.225370
-1.638955,-3.304074,-1.760191,0.229235
-1.641776,-3.318660,-1.763624,0.232924
-1.644654,-3.333265,-1.767118,0.236433
-1.647592,-3.347890,-1.771072,0.300980
-1.650600,-3.362527,-1.776114,0.373804
-1.653694,-3.377164,-1.782253,0.446986
-1.656888,-3.391790,-1.789496,0.520839
-1.660196,-3.406393,-1.797854,0.595650
-1.663633,-3.420962,-1.807337,0.671684
-1.667215,-3.435485,-1.817962,0.749181
-1.670954,-3.449951,-1.829745,0.828348
-1.674866,-3.464348,-1.842705,0.909357
-1.678966,-3.478665,-1.856863,0.992338
-1.683267,-3.492891,-1.872240,1.077372
-1.687786,-3.507013,-1.888858,1.164479
-1.692535,-3.521020,-1.906738,1.253609
-1.697530,-3.534902,-1.925901,1.344632
-1.702785,-3.548645,-1.946366,1.437323
-1.708315,-3.562240,-1.968149,1.531349
-1.714135,-3.575673,-1.991263,1.626260
-1.720258,-3.588935,-2.015713,1.721472
-1.726700,-3.602013,-2.041502,1.816263
-1.733475,-3.614896,-2.068623,1.909767
-1.740598,-3.627572,-2.097059,2.000973
-1.748083,-3.640031,-2.126509,1.995269
-1.755926,-3.652271,-2.154455,1.848512
-1.764105,-3.664310,-2.180272,1.698970
-1.772592,-3.676161,-2.203941,1.548288
-1.781363,-3.687842,-2.225456,1.397760
-1.790392,-3.699367,-2.244825,1.248345
-1.799653,-3.710753,-2.262060,1.100701
-1.809120,-3.722016,-2.277182,0.955221
-1.818768,-3.733171,-2.290211,0.812075
-1.828571,-3.744234,-2.301171,0.671249
-1.838503,-3.755221,-2.310083,0.532578
-1.848539,-3.766149,-2.316967,0.395781
-1.858653,-3.777032,-2.321841,0.260490
-1.868819,-3.787886,-2.324716,0.126278
-1.879011,-3.798729,-2.325600,0.007325
-1.889205,-3.809574,-2.324498,0.140804
-1.899374,-3.820439,-2.321408,0.274640
-1.909492,-3.831339,-2.316323,0.409294
-1.919534,-3.842289,-2.309234,0.545183
-1.929475,-3.853307,-2.300127,0.682656
-1.939287,-3.864406,-2.288983,0.821974
-1.948947,-3.875605,-2.275785,0.963276
-1.958428,-3.886917,-2.260513,1.106552
-1.967704,-3.898360,-2.243147,1.251608
-1.976750,-3.909948,-2.223672,1.398027
-1.985540,-3.921699,-2.202078,1.545136
-1.994048,-3.933627,-2.178362,1.691971
-2.002254,-3.945745,-2.153995,1.611553
-2.010169,-3.958047,-2.131241,1.498827
-2.017812,-3.970520,-2.110153,1.383850
-2.025205,-3.983152,-2.090749,1.267541
-2.032369,-3.995930,-2.073036,1.150652
-2.039324,-4.008842,-2.057019,1.033769
-2.046090,-4.021873,-2.042695,0.917329
-2.052689,-4.035013,-2.030058,0.801632
-2.059142,-4.048248,-2.019101,0.686859
-2.065469,-4.061566,-2.009814,0.573088
-2.071691,-4.074953,-2.002188,0.460311
-2.077829,-4.088397,-1.996213,0.348451
-2.083903,-4.101886,-1.991881,0.237378
-2.089934,-4.115406,-1.989185,0.126921
-2.095944,-4.128946,-1.988120,0.016884
-2.101952,-4.142491,-1.988684,0.092942
-2.107979,-4.156031,-1.990875,0.202770
-2.114047,-4.169551,-1.994695,0.312797
-2.120176,-4.183040,-2.000146,0.423199
-2.126387,-4.196484,-2.007234,0.534117
-2.132700,-4.209871,-2.015964,0.645640
-2.139137,-4.223188,-2.026342,0.757793
-2.145717,-4.236423,-2.038364,0.856047
-2.152457,-4.249565,-2.050849,0.834515
-2.159354,-4.262617,-2.063007,0.812619
-2.166404,-4.275578,-2.074833,0.790413
-2.173602,-4.288452,-2.086326,0.767946
-2.180943,-4.301240,-2.097483,0.745267
-2.188423,-4.313945,-2.108303,0.722418
-2.196038,-4.326569,-2.118784,0.699438
-2.203782,-4.339113,-2.128925,0.676365
-2.211651,-4.351579,-2.138725,0.653230
-2.219640,-4.363970,-2.148185,0.630063
-2.227745,-4.376287,-2.157305,0.606889
-2.235961,-4.388533,-2.166083,0.583730
-2.244283,-4.400710,-2.174522,0.560606
-2.252707,-4.412819,-2.182622,0.537532
-2.261228,-4.424863,-2.190382,0.514523
-2.269841,-4.436844,-2.197805,0.491587
-2.278542,-4.448763,-2.204891,0.468733
-2.287326,-4.460623,-2.211640,0.445965
-2.296189,-4.472425,-2.218055,0.423287
-2.305125,-4.484173,-2.224136,0.400699
-2.314131,-4.495867,-2.229884,0.378200
-2.323201,-4.507509,-2.235300,0.355785
-2.332331,-4.519103,-2.240386,0.333450
-2.341516,-4.530649,-2.245141,0.311187
-2.350752,-4.542151,-2.249565,0.288336
-2.360034,-4.553610,-2.253645,0.265051
-2.369359,-4.565030,-2.257381,0.241714
-2.378723,-4.576414,-2.260772,0.218333
-2.388121,-4.587766,-2.263817,0.194915
-2.397551,-4.599089,-2.266516,0.171467
-2.407008,-4.610387,-2.268870,0.147993
-2.416488,-4.621663,-2.270877,0.124497
-2.425988,-4.632920,-2.272538,0.100982
-2.435503,-4.644162,-2.273852,0.077451
-2.445030,-4.655391,-2.274819,0.053906
-2.454565,-4.666612,-2.275439,0.030348
-2.464105,-4.677828,-2.275713,0.006778
-2.473644,-4.689041,-2.275639,0.016801
-2.483180,-4.700256,-2.275218,0.040390
-2.492709,-4.711476,-2.274450,0.063987
-2.502227,-4.722704,-2.273334,0.087591
-2.511729,-4.733944,-2.271871,0.111200
-2.521212,-4.745199,-2.270061,0.134812
-2.530673,-4.756471,-2.267903,0.158424
-2.540107,-4.767766,-2.265398,0.182033
-2.549510,-4.779085,-2.262546,0.205634
-2.558880,-4.790433,-2.259346,0.229221
-2.568211,-4.801813,-2.255799,0.252789
-2.577500,-4.813227,-2.251906,0.276329
-2.586743,-4.824681,-2.247666,0.299833
-2.595936,-4.836176,-2.243080,0.322749
-2.605076,-4.847715,-2.238195,0.340902
-2.614159,-4.859302,-2.233043,0.359084
-2.623181,-4.870938,-2.227622,0.377293
-2.632139,-4.882624,-2.221932,0.395528
-2.641030,-4.894364,-2.215973,0.413785
-2.649849,-4.906157,-2.209745,0.432059
-2.658594,-4.918008,-2.203247,0.450345
-2.667260,-4.929916,-2.196479,0.468634
-2.675844,-4.941885,-2.189442,0.486917
-2.684343,-4.953916,-2.182135,0.505184
-2.692753,-4.966012,-2.174559,0.523423
-2.701071,-4.978173,-2.166713,0.541620
-2.709292,-4.990402,-2.158598,0.559760
-2.717414,-5.002701,-2.150214,0.577825
-2.725433,-5.015072,-2.141563,0.595796
-2.733345,-5.027516,-2.132645,0.613652
-2.741147,-5.040036,-2.123462,0.631372
-2.748835,-5.052633,-2.114014,0.648930
-2.756406,-5.065310,-2.104304,0.666301
-2.763856,-5.078068,-2.094333,0.683456
-2.771182,-5.090909,-2.084103,0.700367
-2.778380,-5.103835,-2.073618,0.717002
-2.785446,-5.116849,-2.062879,0.733329
-2.792378,-5.129951,-2.051890,0.749313
-2.799171,-5.143143,-2.040624,0.771696
-2.805818,-5.156426,-2.028961,0.798894
-2.812312,-5.169796,-2.016879,0.826951
-2.818644,-5.183251,-2.004368,0.855891
-2.824806,-5.196788,-1.991417,0.885733
-2.830788,-5.210405,-1.978016,0.916492
-2.836584,-5.224099,-1.964153,0.948176
-2.842183,-5.237868,-1.949818,0.980786
-2.847578,-5.251709,-1.935000,1.014314
-2.852760,-5.265620,-1.919689,1.048745
-2.857720,-5.279597,-1.903873,1.084053
-2.862451,-5.293640,-1.887543,1.120198
-2.866944,-5.307744,-1.870688,1.157130
-2.871190,-5.321908,-1.853300,1.194784
-2.875180,-5.336129,-1.835371,1.233078
-2.878907,-5.350404,-1.816893,1.271914
-2.882362,-5.364731,-1.797858,1.311176
-2.885536,-5.379107,-1.778263,1.350726
-2.888422,-5.393531,-1.758104,1.390409
-2.891009,-5.407998,-1.737377,1.430045
-2.893291,-5.422507,-1.716083,1.469435
-2.895258,-5.437055,-1.694244,1.489417
-2.896910,-5.451640,-1.673089,1.392818
-2.898263,-5.466258,-1.653359,1.294920
-2.899338,-5.480906,-1.635062,1.196339
-2.900157,-5.495582,-1.618204,1.097569
-2.900739,-5.510282,-1.602782,0.998993
-2.901105,-5.525003,-1.588794,0.900891
-2.901276,-5.539743,-1.576234,0.803449
-2.901273,-5.554497,-1.565094,0.706769
-2.901115,-5.569263,-1.555366,0.610880
-2.900823,-5.584038,-1.547043,0.515750
-2.900419,-5.598818,-1.540116,0.421293
-2.899923,-5.613601,-1.534580,0.327381
-2.899355,-5.628384,-1.530429,0.233851
-2.898736,-5.643163,-1.527660,0.140511
-2.898086,-5.657936,-1.526272,0.047153
-2.897427,-5.672699,-1.526266,0.046448
-2.896778,-5.687449,-1.527646,0.140518
-2.896161,-5.702183,-1.530416,0.235287
-2.895595,-5.716899,-1.534584,0.330973
-2.895102,-5.731592,-1.540159,0.427780
-2.894700,-5.746261,-1.546579,0.423345
-2.894389,-5.760907,-1.552517,0.387275
-2.894162,-5.775536,-1.557915,0.350431
-2.894010,-5.790151,-1.562763,0.312933
-2.893924,-5.804758,-1.567057,0.274901
-2.893898,-5.819360,-1.570791,0.236454
-2.893922,-5.833962,-1.573961,0.197709
-2.893987,-5.848570,-1.576565,0.158781
-2.894087,-5.863186,-1.578601,0.119782
-2.894213,-5.877817,-1.580068,0.080823
-2.894356,-5.892466,-1.580968,0.042010
-2.894508,-5.907137,-1.581301,0.003449
-2.894662,-5.921836,-1.581070,0.034758
-2.894808,-5.936567,-1.580279,0.072512
-2.894939,-5.951335,-1.578933,0.109716
-2.895046,-5.966143,-1.577036,0.146276
-2.895121,-5.980997,-1.574596,0.182101
-2.895156,-5.995901,-1.571620,0.217103
-2.895143,-6.010859,-1.568117,0.251196
-2.895073,-6.025877,-1.564094,0.284299
-2.894938,-6.040957,-1.559492,0.340453
-2.894725,-6.056097,-1.553635,0.433185
-2.894411,-6.071278,-1.546350,0.526475
-2.893974,-6.086483,-1.537623,0.621169
-2.893394,-6.101695,-1.527432,0.718076
-2.892647,-6.116897,-1.515748,0.817967
-2.891712,-6.132070,-1.502531,0.921581
-2.890568,-6.147197,-1.487737,1.029619
-2.889191,-6.162261,-1.471314,1.142739
-2.887561,-6.177243,-1.453204,1.261537
-2.885655,-6.192127,-1.433345,1.386530
-2.883451,-6.206895,-1.411668,1.518122
-2.880928,-6.221530,-1.388105,1.656569
-2.878063,-6.236013,-1.362583,1.801926
-2.874835,-6.250327,-1.335035,1.953986
-2.871222,-6.264455,-1.305394,2.112213
-2.867201,-6.278379,-1.273602,2.275660
-2.862752,-6.292082,-1.239614,2.442892
-2.857851,-6.305546,-1.203401,2.611911
-2.852477,-6.318754,-1.164955,2.780098
-2.846608,-6.331687,-1.124296,2.944193
-2.840226,-6.344331,-1.082557,2.893308
-2.833339,-6.356689,-1.042585,2.754720
-2.825973,-6.368776,-1.004645,2.603960
-2.818150,-6.380606,-0.968835,2.444814
-2.809896,-6.392193,-0.935217,2.280669
-2.801236,-6.403550,-0.903828,2.114427
-2.792193,-6.414694,-0.874677,1.948458
-2.782791,-6.425636,-0.847752,1.784615
-2.773056,-6.436393,-0.823030,1.624260
-2.763011,-6.446977,-0.800473,1.468327
-2.752682,-6.457404,-0.780037,1.317377
-2.742092,-6.467687,-0.761674,1.171668
-2.731265,-6.477840,-0.745333,1.031207
-2.720227,-6.487878,-0.730964,0.895809
-2.709001,-6.497816,-0.718520,0.765142
-2.697612,-6.507666,-0.707956,0.638759
-2.686084,-6.517443,-0.699232,0.516136
-2.674442,-6.527163,-0.692314,0.396688
-2.662710,-6.536837,-0.687174,0.279794
-2.650913,-6.546482,-0.683789,0.164806
-2.639074,-6.556111,-0.682143,0.051064
-2.627218,-6.565738,-0.682227,0.062100
-2.615370,-6.575378,-0.684040,0.175350
-2.603554,-6.585045,-0.687586,0.289343
-2.591794,-6.594752,-0.692875,0.404721
-2.580115,-6.604515,-0.699926,0.522102
-2.568541,-6.614347,-0.708762,0.642071
-2.557097,-6.624262,-0.719412,0.765164
-2.545806,-6.634275,-0.731909,0.891854
-2.534689,-6.644397,-0.745068,0.845568
-2.523739,-6.654623,-0.757275,0.783535
-2.512944,-6.664944,-0.768501,0.719504
-2.502291,-6.675351,-0.778729,0.653717
-2.491767,-6.685834,-0.787942,0.586394
-2.481357,-6.696384,-0.796126,0.517732
-2.471050,-6.706992,-0.803268,0.447911
-2.460833,-6.717648,-0.809359,0.377089
-2.450691,-6.728343,-0.814390,0.305407
-2.440613,-6.739068,-0.818353,0.232990
-2.430584,-6.749813,-0.821242,0.159952
-2.420592,-6.760570,-0.823050,0.086394
-2.410624,-6.771328,-0.823776,0.012414
-2.400667,-6.782079,-0.823413,0.061896
-2.390707,-6.792812,-0.821962,0.136443
-2.380732,-6.803520,-0.819419,0.211127
-2.370728,-6.814192,-0.815784,0.285845
-2.360682,-6.824819,-0.811058,0.360477
-2.350581,-6.835392,-0.805242,0.434891
-2.340412,-6.845902,-0.798341,0.508936
-2.330162,-6.856339,-0.790357,0.582439
-2.319818,-6.866693,-0.781299,0.655200
-2.309367,-6.876957,-0.771174,0.726996
-2.298795,-6.887119,-0.759994,0.797573
-2.288090,-6.897172,-0.747772,0.866647
-2.277239,-6.907105,-0.734525,0.933909
-2.266227,-6.916909,-0.720273,0.999017
-2.255043,-6.926576,-0.705038,1.061609
-2.243673,-6.936095,-0.688854,1.116324
-2.232108,-6.945456,-0.672122,1.133103
-2.220353,-6.954648,-0.655072,1.152476
-2.208413,-6.963657,-0.637673,1.174438
-2.196295,-6.972471,-0.619893,1.198995
-2.184003,-6.981077,-0.601702,1.226159
-2.171546,-6.989462,-0.583068,1.255944
-2.158927,-6.997613,-0.563961,1.288369
-2.146155,-7.005518,-0.544348,1.323451
-2.133234,-7.013164,-0.524197,1.361202
-2.120170,-7.020538,-0.503478,1.401626
-2.106970,-7.027627,-0.482157,1.444718
-2.093640,-7.034419,-0.460204,1.490453
-2.080186,-7.040901,-0.437587,1.538788
-2.066614,-7.047060,-0.414276,1.589653
-2.052929,-7.052883,-0.390241,1.642945
-2.039138,-7.058358,-0.365453,1.698522
-2.025248,-7.063472,-0.339887,1.756195
-2.011263,-7.068212,-0.313517,1.815723
-1.997190,-7.072565,-0.286321,1.876806
-1.983036,-7.076518,-0.258282,1.939073
-1.968805,-7.080060,-0.229384,2.002084
-1.954505,-7.083176,-0.199618,2.065320
-1.940141,-7.085855,-0.169135,2.064972
-1.925718,-7.088100,-0.139926,1.936153
-1.911241,-7.089935,-0.112641,1.802435
-1.896713,-7.091390,-0.087319,1.665591
-1.882137,-7.092493,-0.063983,1.527112
-1.867517,-7.093270,-0.042643,1.388197
-1.852858,-7.093751,-0.023298,1.249769
-1.838162,-7.093964,-0.005941,1.112494
-1.823435,-7.093935,0.009443,0.976809
-1.808678,-7.093695,0.022869,0.842951
-1.793896,-7.093269,0.034356,0.710989
-1.779093,-7.092687,0.043922,0.580852
-1.764273,-7.091976,0.051585,0.452361
-1.749439,-7.091165,0.057360,0.325247
-1.734595,-7.090282,0.061258,0.199176
-1.719744,-7.089353,0.063288,0.073772
-1.704891,-7.088408,0.063454,0.051370
-1.690039,-7.087475,0.061758,0.176664
-1.675191,-7.086581,0.058195,0.302517
-1.660353,-7.085755,0.052759,0.429312
-1.645526,-7.085024,0.045437,0.557390
-1.630715,-7.084411,0.037362,0.526369
-1.615919,-7.083914,0.029846,0.488939
-1.601137,-7.083525,0.022895,0.451040
-1.586368,-7.083235,0.016515,0.412732
-1.571611,-7.083035,0.010709,0.374068
-1.556865,-7.082916,0.005479,0.335099
-1.542130,-7.082870,0.000830,0.295869
-1.527403,-7.082889,-0.003237,0.256418
-1.512684,-7.082963,-0.006719,0.216781
-1.497972,-7.083083,-0.009616,0.176991
-1.483266,-7.083243,-0.011926,0.137076
-1.468565,-7.083431,-0.013647,0.097064
-1.453868,-7.083641,-0.014779,0.056978
-1.439174,-7.083863,-0.015322,0.016841
-1.424481,-7.084088,-0.015274,0.023323
-1.409790,-7.084309,-0.014637,0.063493
-1.395098,-7.084515,-0.013409,0.103647
-1.380404,-7.084700,-0.011591,0.143762
-1.365709,-7.084853,-0.009184,0.183811
-1.351010,-7.084967,-0.006188,0.223769
-1.336307,-7.085033,-0.002786,0.221841
-1.321599,-7.085051,0.000250,0.191055
-1.306887,-7.085028,0.002835,0.160329
-1.292172,-7.084970,0.004968,0.129657
-1.277453,-7.084884,0.006651,0.099035
-1.262730,-7.084776,0.007884,0.068456
-1.248006,-7.084654,0.008667,0.037915
-1.233279,-7.084523,0.009001,0.007401
-1.218550,-7.084391,0.008885,0.023091
-1.203819,-7.084263,0.008321,0.053571
-1.189088,-7.084148,0.007307,0.084046
-1.174355,-7.084050,0.005844,0.114524
-1.159623,-7.083978,0.003933,0.145011
-1.144890,-7.083937,0.001571,0.175513
-1.130157,-7.083934,-0.001239,0.206035
-1.115426,-7.083975,-0.004499,0.236578
-1.100695,-7.084068,-0.008209,0.267144
-1.085966,-7.084219,-0.012370,0.297732
-1.071239,-7.084435,-0.016980,0.328337
-1.056514,-7.084722,-0.022041,0.358954
-1.041792,-7.085086,-0.027514,0.364998
-1.027073,-7.085528,-0.032284,0.282819
-1.012355,-7.086031,-0.035843,0.200622
-0.997640,-7.086578,-0.038192,0.118418
-0.982926,-7.087150,-0.039330,0.036208
-0.968213,-7.087730,-0.039258,0.046016
-0.953500,-7.088299,-0.037975,0.128265
-0.938788,-7.088842,-0.035481,0.210545
-0.924074,-7.089338,-0.031776,0.292856
-0.909360,-7.089771,-0.026859,0.375183
-0.894644,-7.090123,-0.020730,0.457490
-0.879926,-7.090375,-0.013391,0.539720
-0.865206,-7.090511,-0.004841,0.621781
-0.850482,-7.090512,0.004916,0.703551
-0.835755,-7.090360,0.015877,0.784864
-0.821024,-7.090038,0.028037,0.865511
-0.806289,-7.089528,0.041388,0.945234
-0.791549,-7.088812,0.055918,1.023725
-0.776803,-7.087872,0.071615,1.100624
-0.762052,-7.086690,0.088460,1.175516
-0.747294,-7.085248,0.106432,1.247940
-0.732530,-7.083531,0.125123,1.257903
-0.717769,-7.081534,0.143865,1.258918
-0.703022,-7.079256,0.162673,1.262324
-0.688300,-7.076697,0.181576,1.268092
-0.673614,-7.073856,0.200602,1.276197
-0.658976,-7.070733,0.219779,1.286623
-0.644398,-7.067329,0.239134,1.299360
-0.629889,-7.063641,0.258695,1.314404
-0.615462,-7.059670,0.278490,1.331755
-0.601128,-7.055416,0.298547,1.351416
-0.586898,-7.050879,0.318893,1.373392
-0.572784,-7.046057,0.339556,1.397689
-0.558796,-7.040950,0.360565,1.424311
-0.544946,-7.035559,0.381945,1.453258
-0.531246,-7.029883,0.403726,1.484527
-0.517706,-7.023921,0.425935,1.518106
-0.504338,-7.017672,0.448599,1.553972
-0.491153,-7.011138,0.471744,1.592089
-0.478162,-7.004317,0.495397,1.632406
-0.465378,-6.997208,0.519584,1.674849
-0.452810,-6.989813,0.544330,1.719321
-0.440470,-6.982129,0.569558,1.728466
-0.428361,-6.974162,0.594202,1.670793
-0.416473,-6.965921,0.617924,1.608145
-0.404794,-6.957417,0.640679,1.541264
-0.393314,-6.948660,0.662428,1.470880
-0.382023,-6.939661,0.683140,1.397685
-0.370909,-6.930431,0.702791,1.322330
-0.359961,-6.920980,0.721361,1.245408
-0.349170,-6.911319,0.738836,1.167451
-0.338523,-6.901458,0.755209,1.088928
-0.328011,-6.891407,0.770473,1.010243
-0.317622,-6.881178,0.784630,0.931736
-0.307345,-6.870781,0.797679,0.853688
-0.297171,-6.860226,0.809626,0.776325
-0.287087,-6.849524,0.820478,0.699820
-0.277084,-6.838685,0.830241,0.624302
-0.267150,-6.827721,0.838926,0.549858
-0.257275,-6.816641,0.846541,0.476545
-0.247447,-6.805456,0.853097,0.404386
-0.237657,-6.794177,0.858605,0.333382
-0.227892,-6.782814,0.863075,0.263514
-0.218144,-6.771377,0.866516,0.194750
-0.208399,-6.759878,0.868940,0.127045
-0.198649,-6.748327,0.870355,0.060347
-0.188882,-6.736735,0.870770,0.005401
-0.179086,-6.725111,0.870194,0.070254
-0.169253,-6.713466,0.868634,0.134266
-0.159369,-6.701812,0.866098,0.197489
-0.149426,-6.690158,0.862593,0.259963
-0.139413,-6.678515,0.858542,0.224547
-0.129340,-6.666883,0.855947,0.113046
-0.119234,-6.655255,0.855057,0.002578
-0.109123,-6.643621,0.855866,0.107638
-0.099036,-6.631975,0.858377,0.218382
-0.088998,-6.620308,0.862598,0.330426
-0.079039,-6.608612,0.868546,0.444531
-0.069186,-6.596880,0.876248,0.561445
-0.059467,-6.585103,0.885736,0.681892
-0.049909,-6.573272,0.897048,0.806566
-0.040540,-6.561381,0.910231,0.936108
-0.031388,-6.549422,0.925338,1.071091
-0.022480,-6.537385,0.942423,1.211985
-0.013845,-6.525263,0.961547,1.359122
-0.005509,-6.513048,0.982772,1.512646
0.002499,-6.500733,1.006159,1.672455
0.010151,-6.488308,1.031765,1.838130
0.017421,-6.475766,1.059643,2.008863
0.024279,-6.463099,1.089832,2.183372
0.030699,-6.450299,1.122360,2.359830
0.036653,-6.437359,1.157232,2.535800
0.042113,-6.424268,1.194428,2.708207
0.047052,-6.411021,1.233896,2.873351
0.051441,-6.397609,1.275549,3.026992
0.055253,-6.384023,1.319244,3.140213
0.058473,-6.370261,1.362102,2.921753
0.061131,-6.356329,1.401937,2.694608
0.063263,-6.342240,1.438694,2.464354
0.064907,-6.328006,1.472363,2.235379
0.066101,-6.313636,1.502970,2.010907
0.066881,-6.299142,1.530567,1.793114
0.067285,-6.284536,1.555223,1.583281
0.067350,-6.269829,1.577016,1.381965
0.067114,-6.255032,1.596030,1.189158
0.066613,-6.240156,1.612345,1.004422
0.065886,-6.225212,1.626035,0.827011
0.064970,-6.210212,1.637170,0.655955
0.063901,-6.195168,1.645807,0.490132
0.062718,-6.180089,1.651992,0.328323
0.061458,-6.164987,1.655759,0.169243
0.060157,-6.149874,1.657129,0.011568
0.058854,-6.134761,1.656110,0.146042
0.057585,-6.119659,1.652695,0.304929
0.056388,-6.104580,1.646866,0.466422
0.055301,-6.089533,1.638588,0.631816
0.054358,-6.074531,1.628559,0.660213
0.053566,-6.059575,1.618919,0.626810
0.052916,-6.044661,1.609820,0.592085
0.052400,-6.029788,1.601275,0.556144
0.052008,-6.014953,1.593294,0.519089
0.051730,-6.000151,1.585890,0.481025
0.051558,-5.985381,1.579072,0.442050
0.051483,-5.970639,1.572847,0.402261
0.051495,-5.955923,1.567224,0.361753
0.051585,-5.941229,1.562210,0.320616
0.051744,-5.926555,1.557810,0.278938
0.051963,-5.911898,1.554030,0.236804
0.052232,-5.897254,1.550872,0.194294
0.052543,-5.882621,1.548341,0.151489
0.052886,-5.867995,1.546440,0.108463
0.053252,-5.853375,1.545169,0.065293
0.053632,-5.838756,1.544530,0.022051
0.054017,-5.824137,1.544524,0.021191
0.054398,-5.809513,1.545150,0.064360
0.054765,-5.794883,1.546407,0.107384
0.055109,-5.780243,1.548262,0.137165
0.055424,-5.765591,1.550292,0.139793
0.055710,-5.750928,1.552361,0.142430
0.055965,-5.736255,1.554471,0.145079
0.056189,-5.721571,1.556621,0.147738
0.056381,-5.706878,1.558811,0.150409
0.056541,-5.692176,1.561042,0.153093
0.056668,-5.677466,1.563314,0.155789
0.056761,-5.662748,1.565627,0.158500
0.056820,-5.648023,1.567981,0.161224
0.056844,-5.633290,1.570377,0.163963
0.056832,-5.618552,1.572814,0.166718
0.056784,-5.603808,1.575292,0.169489
0.056699,-5.589058,1.577812,0.172277
0.056577,-5.574305,1.580375,0.175081
0.056416,-5.559547,1.582980,0.177904
0.056217,-5.544785,1.585627,0.180744
0.055978,-5.530021,1.588317,0.183604
0.055699,-5.515254,1.591050,0.186483
0.055380,-5.500485,1.593826,0.189381
0.055019,-5.485715,1.596646,0.192300
0.054617,-5.470945,1.599130,0.141335
0.054185,-5.456174,1.600822,0.087681
0.053734,-5.441404,1.601721,0.034051
0.053275,-5.426635,1.601828,0.019593
0.052821,-5.411869,1.601142,0.073286
0.052383,-5.397105,1.599663,0.127065
0.051973,-5.382346,1.597389,0.180965
0.051602,-5.367591,1.594319,0.235016
0.051282,-5.352842,1.590452,0.289245
0.051026,-5.338098,1.585786,0.343671
0.050844,-5.323362,1.580319,0.398305
0.050749,-5.308633,1.574049,0.453150
0.050752,-5.293912,1.566973,0.508195
0.050866,-5.279201,1.559091,0.563418
0.051101,-5.264500,1.550400,0.618780
0.051469,-5.249809,1.540900,0.674226
0.051983,-5.235130,1.530589,0.729683
0.052654,-5.220463,1.519469,0.785058
0.053493,-5.205810,1.507541,0.840235
0.054513,-5.191170,1.494807,0.895077
0.055724,-5.176544,1.481536,0.887163
0.057126,-5.161933,1.468908,0.833473
0.058707,-5.147336,1.457066,0.779589
0.060455,-5.132752,1.446011,0.725628
0.062360,-5.118180,1.435744,0.671688
0.064410,-5.103619,1.426263,0.617846
0.066593,-5.089070,1.417568,0.564159
0.068899,-5.074530,1.409657,0.510667
0.071315,-5.060000,1.402528,0.457395
0.073830,-5.045479,1.396178,0.404354
0.076433,-5.030965,1.390605,0.351541
0.079113,-5.016459,1.385808,0.298945
0.081857,-5.001958,1.381783,0.246543
0.084655,-4.987464,1.378529,0.194305
0.087496,-4.972975,1.376045,0.142195
0.090367,-4.958489,1.374330,0.090173
0.093257,-4.944008,1.373382,0.038193
0.096156,-4.929529,1.373202,0.013792
0.099051,-4.915052,1.373789,0.065829
0.101931,-4.900576,1.375145,0.117966
0.104784,-4.886101,1.377271,0.170250
0.107602,-4.871625,1.379850,0.175858
0.110381,-4.857149,1.382455,0.177590
0.113120,-4.842671,1.385084,0.179291
0.115821,-4.828192,1.387737,0.180962
0.118482,-4.813709,1.390414,0.182601
0.121104,-4.799223,1.393114,0.184208
0.123686,-4.784732,1.395837,0.185781
0.126227,-4.770237,1.398582,0.187320
0.128729,-4.755736,1.401350,0.188824
0.131190,-4.741229,1.404139,0.190292
0.133611,-4.726716,1.406950,0.191723
0.135990,-4.712194,1.409781,0.193117
0.138329,-4.697665,1.412633,0.194474
0.140626,-4.683127,1.415505,0.195791
0.142882,-4.668579,1.418397,0.197069
0.145097,-4.654021,1.421308,0.198307
0.147269,-4.639453,1.424238,0.199504
0.149399,-4.624873,1.427186,0.200660
0.151487,-4.610280,1.430152,0.201774
0.153533,-4.595675,1.433136,0.202846
0.155536,-4.581057,1.436105,0.187937
0.157500,-4.566426,1.438451,0.129982
0.159437,-4.551785,1.439944,0.072204
0.161359,-4.537137,1.440585,0.014542
0.163278,-4.522487,1.440374,0.043064
0.165206,-4.507838,1.439312,0.100676
0.167156,-4.493192,1.437399,0.158356
0.169140,-4.478554,1.434633,0.216160
0.171170,-4.463926,1.431012,0.274141
0.173259,-4.449312,1.426536,0.332345
0.175418,-4.434716,1.421202,0.390807
0.177660,-4.420141,1.415006,0.449556
0.179997,-4.405590,1.407946,0.508605
0.182441,-4.391067,1.400018,0.567951
0.185005,-4.376574,1.391221,0.627578
0.187701,-4.362116,1.381551,0.687447
0.190540,-4.347696,1.371007,0.747499
0.193536,-4.333317,1.359586,0.807651
0.196701,-4.318983,1.347289,0.867792
0.200046,-4.304696,1.334115,0.927786
0.203585,-4.290461,1.320068,0.987464
0.207327,-4.276281,1.305545,0.959242
0.211269,-4.262153,1.292087,0.875796
0.215393,-4.248073,1.279852,0.792004
0.219682,-4.234037,1.268843,0.708090
0.224119,-4.220038,1.259061,0.624225
0.228687,-4.206072,1.250504,0.540532
0.233369,-4.192134,1.243170,0.457091
0.238147,-4.178219,1.237057,0.373947
0.243005,-4.164322,1.232162,0.291113
0.247926,-4.150438,1.228483,0.208575
0.252891,-4.136562,1.226015,0.126305
0.257885,-4.122689,1.224758,0.044256
0.262889,-4.108814,1.224709,0.037622
0.267888,-4.094932,1.225868,0.119386
0.272863,-4.081038,1.228233,0.201086
0.277797,-4.067126,1.231804,0.282769
0.282675,-4.053193,1.236581,0.364464
0.287477,-4.039233,1.242565,0.446184
0.292188,-4.025240,1.249756,0.527918
0.296789,-4.011211,1.258154,0.609625
0.301265,-3.997139,1.267758,0.691230
0.305597,-3.983020,1.278558,0.762747
0.309773,-3.968851,1.289905,0.773646
0.313787,-3.954633,1.301417,0.784821
0.317636,-3.940368,1.313097,0.796262
0.321317,-3.926058,1.324949,0.807961
0.324827,-3.911705,1.336976,0.819907
0.328163,-3.897310,1.349181,0.832089
0.331322,-3.882877,1.361566,0.844494
0.334300,-3.868406,1.374136,0.857108
0.337094,-3.853900,1.386892,0.869916
0.339701,-3.839361,1.399837,0.882900
0.342118,-3.824792,1.412973,0.896042
0.344342,-3.810193,1.426303,0.909322
0.346370,-3.795567,1.439829,0.922716
0.348198,-3.780916,1.453552,0.936202
0.349823,-3.766242,1.467474,0.949754
0.351242,-3.751547,1.481596,0.963343
0.352452,-3.736832,1.495919,0.976939
0.353450,-3.722101,1.510444,0.990512
0.354232,-3.707355,1.525171,1.004028
0.354796,-3.692596,1.540100,1.017450
0.355139,-3.677825,1.554982,0.961418
0.355272,-3.663046,1.568236,0.832047
0.355224,-3.648260,1.579584,0.703030
0.355022,-3.633469,1.589032,0.574492
0.354694,-3.618675,1.596585,0.446443
0.354268,-3.603881,1.602247,0.318802
0.353772,-3.589089,1.606023,0.191418
0.353235,-3.574300,1.607914,0.064087
0.352683,-3.559518,1.607919,0.063423
0.352146,-3.544743,1.606036,0.191358
0.351651,-3.529979,1.602261,0.319955
0.351226,-3.515227,1.596585,0.449421
0.350900,-3.500490,1.589000,0.579917
0.350699,-3.485769,1.579495,0.711531
0.350653,-3.471067,1.568060,0.844259
0.350789,-3.456386,1.554684,0.977977
0.351135,-3.441727,1.539360,1.112415
0.351720,-3.427094,1.522082,1.247136
0.352570,-3.412488,1.502852,1.381506
0.353715,-3.397912,1.481676,1.514677
0.355182,-3.383367,1.458602,1.610248
0.356984,-3.368854,1.436410,1.424392
0.359089,-3.354369,1.416927,1.237648
0.361460,-3.339908,1.400158,1.051186
0.364056,-3.325465,1.386095,0.865759
0.366841,-3.311037,1.374726,0.681770
0.369773,-3.296617,1.366039,0.499337
0.372815,-3.282202,1.360017,0.318358
0.375928,-3.267786,1.356649,0.138579
0.379073,-3.253365,1.355925,0.040354
0.382212,-3.238935,1.357839,0.218831
0.385304,-3.224490,1.362390,0.397227
0.388312,-3.210025,1.369577,0.575847
0.391197,-3.195536,1.379406,0.754875
0.393919,-3.181019,1.391881,0.934311
0.396441,-3.166467,1.407005,1.113918
0.398722,-3.151878,1.424779,1.293166
0.400725,-3.137245,1.445195,1.471171
0.402410,-3.122565,1.468236,1.646653
0.403739,-3.107832,1.493869,1.817900
0.404673,-3.093041,1.522042,1.982758
0.405174,-3.078189,1.551982,1.934282
0.405250,-3.063277,1.578663,1.645440
0.404959,-3.048318,1.601164,1.363553
0.404360,-3.033322,1.619558,1.088917
0.403514,-3.018301,1.633916,0.820839
0.402480,-3.003265,1.644300,0.557900
0.401319,-2.988228,1.650753,0.298169
0.400091,-2.973199,1.653299,0.039378
0.398855,-2.958191,1.651936,0.220942
0.397672,-2.943214,1.646638,0.485329
0.396602,-2.928281,1.637355,0.756261
0.395705,-2.913402,1.624011,1.036008
0.395041,-2.898589,1.606512,1.326438
0.394669,-2.883854,1.584749,1.628772
0.394650,-2.869207,1.558606,1.943256
0.395045,-2.854661,1.527973,2.268768
0.395913,-2.840226,1.492760,2.602350
0.397313,-2.825914,1.452918,2.938742
0.399307,-2.811736,1.408458,3.269988
0.401954,-2.797705,1.359484,3.585286
0.405314,-2.783830,1.306243,3.817340
0.409420,-2.770119,1.254291,3.438629
0.414222,-2.756559,1.207614,3.050609
0.419650,-2.743136,1.166242,2.665503
0.425639,-2.729836,1.130108,2.291363
0.432121,-2.716643,1.099086,1.932662
0.439027,-2.703542,1.073017,1.591057
0.446291,-2.690520,1.051737,1.266144
0.453845,-2.677561,1.035089,0.956089
0.461622,-2.664650,1.022939,0.658119
0.469554,-2.651774,1.015183,0.368876
0.477574,-2.638916,1.011751,0.084666
0.485613,-2.626063,1.012612,0.198375
0.493606,-2.613200,1.017773,0.484141
0.501484,-2.600311,1.027283,0.776446
0.509180,-2.587383,1.041223,1.078873
0.516625,-2.574400,1.059712,1.394578
0.523754,-2.561348,1.082894,1.726008
0.530498,-2.548212,1.110930,2.074489
0.536790,-2.534977,1.143985,2.439681
0.542563,-2.521629,1.182207,2.818892
0.547748,-2.508153,1.225703,3.206301
0.552279,-2.494533,1.274504,3.592234
0.556088,-2.480757,1.328103,3.766535
0.559154,-2.466817,1.379760,3.466019
0.561530,-2.452724,1.427001,3.141753
0.563276,-2.438490,1.469658,2.806216
0.564453,-2.424127,1.507669,2.469115
0.565120,-2.409644,1.541050,2.137310
0.565338,-2.395055,1.569870,1.815087
0.565167,-2.380370,1.594229,1.504601
0.564668,-2.365601,1.614243,1.206357
0.563900,-2.350760,1.630025,0.919654
0.562924,-2.335857,1.641681,0.642955
0.561800,-2.320905,1.649297,0.374181
0.560588,-2.305914,1.652939,0.110937
0.559349,-2.290897,1.652647,0.149317
0.558143,-2.275864,1.648437,0.409124
0.557030,-2.260827,1.640299,0.670903
0.556070,-2.245798,1.628200,0.936816
0.555323,-2.230789,1.612088,1.208614
0.554851,-2.215809,1.591896,1.487446
0.554712,-2.200872,1.567548,1.773619
0.554968,-2.185988,1.538975,2.066313
0.555664,-2.171167,1.509081,1.933206
0.556782,-2.156407,1.481725,1.761745
0.558282,-2.141703,1.456988,1.584668
0.560124,-2.127051,1.434915,1.404029
0.562269,-2.112444,1.415533,1.221417
0.564677,-2.097878,1.398854,1.037982
0.567308,-2.083349,1.384882,0.854476
0.570123,-2.068850,1.373616,0.671309
0.573082,-2.054378,1.365049,0.488608
0.576146,-2.039927,1.359178,0.306282
0.579274,-2.025492,1.356000,0.124080
0.582428,-2.011068,1.355514,0.058350
0.585568,-1.996651,1.357724,0.241400
0.588653,-1.982234,1.362638,0.425448
0.591645,-1.967814,1.370267,0.610797
0.594503,-1.953385,1.380623,0.797614
0.597189,-1.938943,1.393721,0.985863
0.599662,-1.924482,1.409573,1.175238
0.601883,-1.909997,1.428186,1.365094
0.603812,-1.895483,1.449560,1.554376
0.605411,-1.880936,1.473493,1.648931
0.606662,-1.866353,1.496553,1.501567
0.607593,-1.851736,1.517457,1.352778
0.608235,-1.837089,1.536196,1.203632
0.608618,-1.822415,1.552772,1.054909
0.608775,-1.807716,1.567191,0.907131
0.608735,-1.792996,1.579464,0.760596
0.608530,-1.778258,1.589603,0.615414
0.608190,-1.763505,1.597621,0.471538
0.607748,-1.748739,1.603531,0.328802
0.607233,-1.733965,1.607343,0.186951
0.606678,-1.719184,1.609063,0.045667
0.606112,-1.704400,1.608695,0.095401
0.605567,-1.689616,1.606239,0.236611
0.605074,-1.674835,1.601693,0.378304
0.604664,-1.660061,1.595050,0.520774
0.604367,-1.645295,1.586301,0.664248
0.604216,-1.630541,1.575435,0.808849
0.604241,-1.615803,1.562441,0.954569
0.604473,-1.601082,1.547309,1.101237
0.604942,-1.586383,1.530031,1.248482
0.605676,-1.571707,1.511873,1.204817
0.606668,-1.557055,1.494654,1.139913
0.607905,-1.542425,1.478400,1.073907
0.609372,-1.527815,1.463122,1.007116
0.611056,-1.513225,1.448824,0.939816
0.612942,-1.498653,1.435511,0.872238
0.615016,-1.484098,1.423185,0.804577
0.617264,-1.469559,1.411845,0.736984
0.619671,-1.455033,1.401490,0.669577
0.622223,-1.440521,1.392119,0.602443
0.624906,-1.426020,1.383728,0.535636
0.627705,-1.411529,1.376313,0.469186
0.630607,-1.397048,1.369872,0.403099
0.633598,-1.382574,1.364401,0.337362
0.636662,-1.368106,1.359896,0.271946
0.639786,-1.353644,1.356355,0.206807
0.642956,-1.339186,1.353774,0.141891
0.646157,-1.324730,1.352153,0.077134
0.649375,-1.310275,1.351489,0.012470
0.652596,-1.295820,1.351783,0.052172
0.655805,-1.281364,1.353021,0.109514
0.658991,-1.266905,1.354906,0.145059
0.662145,-1.252443,1.357316,0.180689
0.665260,-1.237978,1.360254,0.216423
0.668326,-1.223508,1.363720,0.252280
0.671338,-1.209033,1.367716,0.288274
0.674286,-1.194552,1.372243,0.324416
0.677164,-1.180066,1.377302,0.360715
0.679962,-1.165572,1.382896,0.397175
0.682674,-1.151071,1.389025,0.433795
0.685291,-1.136562,1.395692,0.470571
0.687807,-1.122044,1.402897,0.507490
0.690212,-1.107518,1.410642,0.544536
0.692499,-1.092981,1.418928,0.581684
0.694660,-1.078433,1.427757,0.618904
0.696688,-1.063875,1.437128,0.656156
0.698575,-1.049305,1.447042,0.693392
0.700312,-1.034722,1.457498,0.730557
0.701892,-1.020127,1.468495,0.767585
0.703307,-1.005518,1.480031,0.804400
0.704550,-0.990894,1.492105,0.840919
0.705613,-0.976256,1.504478,0.823517
0.706499,-0.961604,1.516172,0.769720
0.707220,-0.946938,1.527079,0.715774
0.707787,-0.932259,1.537197,0.661782
0.708211,-0.917569,1.546526,0.607826
0.708504,-0.902868,1.555067,0.553970
0.708677,-0.888157,1.562822,0.500261
0.708742,-0.873437,1.569792,0.446731
0.708711,-0.858709,1.575978,0.393395
0.708593,-0.843974,1.581383,0.340260
0.708402,-0.829233,1.586009,0.287319
0.708149,-0.814488,1.589857,0.234557
0.707844,-0.799737,1.592929,0.181952
0.707499,-0.784984,1.595227,0.129474
0.707127,-0.770228,1.596751,0.077091
0.706737,-0.755471,1.597503,0.024766
0.706342,-0.740714,1.597482,0.027541
0.705953,-0.725957,1.596690,0.079868
0.705581,-0.711201,1.595124,0.132255
0.705239,-0.696448,1.592785,0.184738
0.704936,-0.681698,1.589697,0.222472
0.704681,-0.666952,1.586517,0.208662
0.704472,-0.652209,1.583543,0.194809
0.704304,-0.637470,1.580774,0.180917
0.704177,-0.622735,1.578210,0.166990
0.704085,-0.608002,1.575853,0.153032
0.704027,-0.593272,1.573702,0.139048
0.703998,-0.578544,1.571757,0.125039
0.703997,-0.563819,1.570019,0.111010
0.704020,-0.549096,1.568488,0.096963
0.704064,-0.534374,1.567164,0.082902
0.704126,-0.519654,1.566047,0.068827
0.704203,-0.504935,1.565138,0.054743
0.704292,-0.490217,1.564436,0.040651
0.704389,-0.475500,1.563941,0.026553
0.704492,-0.460784,1.563654,0.012451
0.704598,-0.446067,1.563575,0.001653
0.704704,-0.431351,1.563703,0.015757
0.704806,-0.416634,1.564039,0.029858
0.704902,-0.401917,1.564582,0.043955
0.704988,-0.387199,1.565332,0.058046
0.705062,-0.372480,1.566196,0.057065
0.705124,-0.357760,1.567009,0.053439
0.705174,-0.343039,1.567769,0.049815
0.705213,-0.328317,1.568476,0.046192
0.705242,-0.313594,1.569130,0.042572
0.705263,-0.298871,1.569730,0.038952
0.705274,-0.284147,1.570277,0.035335
0.705278,-0.269422,1.570770,0.031718
0.705275,-0.254697,1.571211,0.028103
0.705266,-0.239971,1.571598,0.024489
0.705252,-0.225245,1.571932,0.020876
0.705233,-0.210518,1.572213,0.017264
0.705210,-0.195791,1.572440,0.013652
0.705185,-0.181064,1.572615,0.010041
0.705157,-0.166336,1.572736,0.006430
0.705128,-0.151609,1.572804,0.002820
0.705098,-0.136881,1.572819,0.000790
0.705069,-0.122153,1.572781,0.004400
0.705040,-0.107425,1.572690,0.008011
0.705013,-0.092698,1.572545,0.011621
0.704989,-0.077970,1.572354,0.013333
0.704967,-0.063243,1.572160,0.012966
0.704949,-0.048516,1.571972,0.012598
0.704933,-0.033789,1.571789,0.012231
0.704919,-0.019062,1.571612,0.011864
0.704909,-0.004336,1.571440,0.011496
0.704900,0.010390,1.571273,0.011129
0.704894,0.025116,1.571112,0.010761
0.704891,0.039842,1.570956,0.010394
0.704890,0.054568,1.570806,0.010027
0.704891,0.069293,1.570661,0.009659
0.704894,0.084018,1.570522,0.009292
0.704899,0.098743,1.570387,0.008924
0.704906,0.113468,1.570259,0.008557
0.704914,0.128192,1.570135,0.008189
0.704925,0.142916,1.570018,0.007822
0.704937,0.157640,1.569905,0.007454
0.704951,0.172363,1.569798,0.007087
0.704967,0.187086,1.569696,0.006719
0.704984,0.201809,1.569600,0.006351
0.705002,0.216532,1.569510,0.005799
0.705021,0.231254,1.569440,0.003658
0.705042,0.245976,1.569402,0.001516
0.705062,0.260698,1.569395,0.000625
0.705083,0.275420,1.569420,0.002767
0.705103,0.290142,1.569477,0.004909
0.705122,0.304864,1.569565,0.007050
0.705139,0.319586,1.569684,0.009191
0.705154,0.334308,1.569835,0.011332
0.705167,0.349031,1.570018,0.013472
0.705177,0.363755,1.570232,0.015612
0.705183,0.378479,1.570478,0.017751
0.705186,0.393203,1.570755,0.019888
0.705184,0.407929,1.571063,0.022025
0.705178,0.422655,1.571404,0.024161
0.705166,0.437382,1.571775,0.026296
0.705149,0.452110,1.572178,0.028429
0.705126,0.466839,1.572612,0.030561
0.705095,0.481569,1.573078,0.032691
0.705058,0.496300,1.573576,0.034820
0.705013,0.511033,1.574104,0.036946
0.704961,0.525767,1.574621,0.031000
0.704901,0.540502,1.575012,0.022084
0.704837,0.555238,1.575272,0.013172
0.704770,0.569975,1.575400,0.004264
0.704702,0.584712,1.575397,0.004644
0.704635,0.599448,1.575263,0.013552
0.704571,0.614184,1.574998,0.022463
0.704512,0.628920,1.574601,0.031379
0.704460,0.643654,1.574073,0.040302
0.704416,0.658386,1.573414,0.049232
0.704383,0.673117,1.572623,0.058173
0.704363,0.687846,1.571700,0.067125
0.704357,0.702572,1.570645,0.076091
0.704368,0.717295,1.569459,0.085072
0.704397,0.732016,1.568140,0.094070
0.704447,0.746732,1.566690,0.103086
0.704519,0.761445,1.565107,0.112122
0.704615,0.776154,1.563391,0.121180
0.704737,0.790858,1.561542,0.130259
0.704888,0.805558,1.559560,0.139363
0.705068,0.820252,1.557486,0.133196
0.705277,0.834941,1.555776,0.099479
0.705507,0.849627,1.554563,0.065693
0.705751,0.864310,1.553847,0.031860
0.706002,0.878993,1.553628,0.001994
0.706253,0.893675,1.553905,0.035847
0.706496,0.908358,1.554680,0.069675
0.706724,0.923044,1.555952,0.103455
0.706929,0.937734,1.557719,0.137162
0.707106,0.952429,1.559982,0.170770
0.707245,0.967131,1.562739,0.204253
0.707340,0.981839,1.565989,0.237583
0.707384,0.996557,1.569730,0.270729
0.707369,1.011285,1.573960,0.303658
0.707288,1.026024,1.578677,0.336334
0.707134,1.040775,1.583878,0.368722
0.706900,1.055541,1.589560,0.400779
0.706577,1.070321,1.595720,0.432461
0.706160,1.085118,1.602353,0.463723
0.705640,1.099932,1.609456,0.494514
0.705011,1.114765,1.617023,0.524781
0.704270,1.129617,1.623940,0.403338
0.703439,1.144484,1.629032,0.280892
0.702545,1.159363,1.632313,0.159489
0.701615,1.174247,1.633790,0.038691
0.700676,1.189133,1.633468,0.081959
0.699756,1.204016,1.631345,0.202923
0.698881,1.218891,1.627415,0.324650
0.698079,1.233754,1.621670,0.447571
0.697377,1.248599,1.614096,0.572073
0.696803,1.263423,1.604674,0.698490
0.696382,1.278220,1.593386,0.827077
0.696144,1.292986,1.580208,0.957991
0.696114,1.307716,1.565118,1.091266
0.696320,1.322406,1.548094,1.226781
0.696789,1.337051,1.529114,1.364228
0.697548,1.351646,1.508162,1.503086
0.698625,1.366186,1.485230,1.642580
0.700047,1.380668,1.460315,1.781660
0.701841,1.395086,1.433428,1.918977
0.704033,1.409436,1.404594,2.052877
0.706650,1.423712,1.374652,2.001789
0.709682,1.437919,1.346803,1.831893
0.713096,1.452060,1.321402,1.660008
0.716858,1.466143,1.298459,1.487908
0.720936,1.480175,1.277969,1.316900
0.725294,1.494160,1.259919,1.147875
0.729898,1.508107,1.244287,0.981359
0.734716,1.522021,1.231047,0.817572
0.739713,1.535908,1.220173,0.656485
0.744855,1.549775,1.211639,0.497873
0.750108,1.563628,1.205425,0.341361
0.755439,1.577474,1.201511,0.186471
0.760813,1.591319,1.199885,0.032653
0.766197,1.605168,1.200540,0.120674
0.771557,1.619030,1.203473,0.274097
0.776859,1.632909,1.208689,0.428173
0.782070,1.646813,1.216197,0.583398
0.787154,1.660747,1.226010,0.740177
0.792079,1.674718,1.238148,0.898780
0.796811,1.688733,1.252627,1.059307
0.801315,1.702797,1.269467,1.221640
0.805559,1.716917,1.288652,1.352567
0.809519,1.731097,1.307984,1.273074
0.813210,1.745335,1.326111,1.191398
0.816649,1.759626,1.343013,1.108077
0.819854,1.773968,1.358677,1.023577
0.822843,1.788357,1.373094,0.938297
0.825634,1.802789,1.386257,0.852565
0.828244,1.817261,1.398162,0.766645
0.830693,1.831769,1.408810,0.680740
0.832998,1.846310,1.418201,0.594998
0.835176,1.860879,1.426336,0.509519
0.837246,1.875474,1.433219,0.424358
0.839227,1.890092,1.438852,0.339536
0.841135,1.904727,1.443240,0.255045
0.842989,1.919378,1.446384,0.170851
0.844807,1.934040,1.448288,0.086906
0.846606,1.948710,1.448953,0.003147
0.848406,1.963383,1.448381,0.080491
0.850223,1.978058,1.446573,0.164077
0.852077,1.992730,1.443528,0.247670
0.853984,2.007395,1.439247,0.331321
0.855962,2.022051,1.433915,0.362669
0.858018,2.036695,1.428737,0.337594
0.860147,2.051327,1.423931,0.312563
0.862343,2.065946,1.419495,0.287574
0.864601,2.080554,1.415428,0.262620
0.866916,2.095149,1.411732,0.237695
0.869280,2.109732,1.408404,0.212790
0.871690,2.124302,1.405446,0.187894
0.874139,2.138859,1.402856,0.162995
0.876622,2.153404,1.400634,0.138080
0.879133,2.167935,1.398782,0.113136
0.881667,2.182454,1.397299,0.088148
0.884218,2.196959,1.396185,0.063099
0.886780,2.211451,1.395441,0.037974
0.889349,2.225929,1.395068,0.012756
0.891918,2.240394,1.395066,0.012573
0.894481,2.254845,1.395437,0.038031
0.897034,2.269282,1.396182,0.063635
0.899571,2.283706,1.397303,0.089403
0.902086,2.298115,1.398800,0.115353
0.904573,2.312510,1.400676,0.141502
0.907028,2.326891,1.402720,0.132610
0.909452,2.341260,1.404533,0.116118
0.911851,2.355623,1.406102,0.099410
0.914227,2.369983,1.407426,0.082537
0.916586,2.384345,1.408504,0.065546
0.918932,2.398711,1.409334,0.048488
0.921269,2.413086,1.409916,0.031412
0.923601,2.427475,1.410249,0.014368
0.925933,2.441881,1.410335,0.002595
0.928269,2.456309,1.410174,0.019429
0.930614,2.470762,1.409767,0.036086
0.932971,2.485244,1.409117,0.052522
0.935345,2.499760,1.408225,0.068690
0.937740,2.514314,1.407095,0.084548
0.940161,2.528909,1.405728,0.100057
0.942611,2.543550,1.404130,0.115175
0.945096,2.558241,1.402304,0.129869
0.947619,2.572985,1.400254,0.144102
0.950186,2.587787,1.397986,0.157844
0.952799,2.602651,1.395503,0.171066
0.955464,2.617581,1.392858,0.148476
0.958170,2.632577,1.392043,0.040612
0.960877,2.647626,1.394089,0.226692
0.963537,2.662714,1.398983,0.412141
0.966104,2.677830,1.406732,0.599207
0.968529,2.692958,1.417368,0.790008
0.970768,2.708086,1.430943,0.986507
0.972772,2.723200,1.447527,1.190467
0.974494,2.738286,1.467207,1.403386
0.975889,2.753332,1.490083,1.626390
0.976909,2.768323,1.516262,1.860086
0.977507,2.783246,1.545853,2.104367
0.977636,2.798088,1.578959,2.358177
0.977249,2.812835,1.615666,2.619240
0.976301,2.827473,1.656028,2.883782
0.974742,2.841990,1.700057,3.146304
0.972528,2.856371,1.747700,3.399474
0.969611,2.870604,1.798828,3.634232
0.965943,2.884674,1.853217,3.840207
0.961479,2.898568,1.910537,4.006504
0.956171,2.912273,1.970353,4.122838
0.949986,2.925778,2.028813,3.637040
0.942990,2.939091,2.078981,3.042444
0.935294,2.952228,2.121060,2.493498
0.927009,2.965207,2.155520,1.990411
0.918246,2.978044,2.182811,1.527879
0.909116,2.990756,2.203317,1.097466
0.899731,3.003360,2.217331,0.689038
0.890201,3.015873,2.225036,0.291492
0.880637,3.028311,2.226495,0.107006
0.871152,3.040691,2.221643,0.519055
0.861854,3.053030,2.210282,0.958198
0.852857,3.065344,2.192072,1.439061
0.844270,3.077652,2.166532,1.977248
0.836205,3.089968,2.133036,2.588662
0.828774,3.102310,2.090833,3.287689
0.822086,3.114696,2.039089,4.083459
0.816254,3.127140,1.976967,4.973283
0.811388,3.139661,1.903774,5.932864
0.807600,3.152276,1.819193,6.904895
0.805000,3.165000,1.723575,7.791856
